../no_restraint_new_protocol//min_NoH_1_2_1_1_mut_E92TS93TK96DV97L_round_2_0002.rst7,-34.78176856
../no_restraint_new_protocol//min_NoH_1_2_2_1_mut_E92TS93TK96DV97L_round_2_0020.rst7,-46.37185416
../no_restraint_new_protocol//min_NoH_1_2_3_1_mut_E92TS93TK96DV97L_round_2_0007.rst7,-45.63899632
../no_restraint_new_protocol//min_NoH_1_2_4_1_mut_E92TS93TK96DV97L_round_2_0005.rst7,-52.27640928
../no_restraint_new_protocol//min_NoH_1_2_4_1_mut_E92TS93TK96DV97L_round_2_0020.rst7,-47.73235728
../no_restraint_new_protocol//min_NoH_1_2_5_1_mut_E92TS93TK96DV97L_round_2_0009.rst7,-43.26838104
../no_restraint_new_protocol//min_NoH_1_2_5_1_mut_E92TS93TK96DV97L_round_2_0010.rst7,-52.68639136
../no_restraint_new_protocol//min_NoH_1_2_6_1_mut_E92TS93TK96DV97L_round_2_0010.rst7,-52.8939964
../no_restraint_new_protocol//min_NoH_1_2_6_1_mut_E92TS93TK96DV97L_round_2_0011.rst7,-43.10329168
../no_restraint_new_protocol//min_NoH_1_2_6_1_mut_E92TS93TK96DV97L_round_2_0025.rst7,-38.27735336
../no_restraint_new_protocol//min_NoH_1_2_7_1_mut_E92TS93TK96DV97L_round_2_0010.rst7,-50.67229264
../no_restraint_new_protocol//min_NoH_1_2_8_1_mut_E92TS93TK96DV97L_round_2_0009.rst7,-46.30997176
../no_restraint_new_protocol//min_NoH_1_2_8_1_mut_E92TS93TK96DV97L_round_2_0010.rst7,-52.37039528
../no_restraint_new_protocol//min_NoH_5_2_1_5_mut_E92TS93TK96DV97L_round_2_0002.rst7,-42.75301256
../no_restraint_new_protocol//min_NoH_5_2_1_5_mut_E92TS93TK96DV97L_round_2_0007.rst7,-44.56898048
../no_restraint_new_protocol//min_NoH_5_2_1_5_mut_E92TS93TK96DV97L_round_2_0010.rst7,-48.21583192
../no_restraint_new_protocol//min_NoH_5_2_2_5_mut_E92TS93TK96DV97L_round_2_0003.rst7,-50.02968872
../no_restraint_new_protocol//min_NoH_5_2_2_5_mut_E92TS93TK96DV97L_round_2_0019.rst7,-51.64670144
../no_restraint_new_protocol//min_NoH_5_2_2_5_mut_E92TS93TK96DV97L_round_2_0025.rst7,-45.96299736
../no_restraint_new_protocol//min_NoH_5_2_3_5_mut_E92TS93TK96DV97L_round_2_0013.rst7,-44.02859584
../no_restraint_new_protocol//min_NoH_5_2_3_5_mut_E92TS93TK96DV97L_round_2_0022.rst7,-50.3256248
../no_restraint_new_protocol//min_NoH_5_2_4_5_mut_E92TS93TK96DV97L_round_2_0006.rst7,-43.43606248
../no_restraint_new_protocol//min_NoH_5_2_4_5_mut_E92TS93TK96DV97L_round_2_0019.rst7,-48.00672576
../no_restraint_new_protocol//min_NoH_5_2_4_5_mut_E92TS93TK96DV97L_round_2_0020.rst7,-34.24392488
../no_restraint_new_protocol//min_NoH_5_2_5_5_mut_E92TS93TK96DV97L_round_2_0007.rst7,-51.79370504
../no_restraint_new_protocol//min_NoH_5_2_5_5_mut_E92TS93TK96DV97L_round_2_0010.rst7,-38.31099184
../no_restraint_new_protocol//min_NoH_5_2_5_5_mut_E92TS93TK96DV97L_round_2_0015.rst7,-42.69339576
../no_restraint_new_protocol//min_NoH_5_2_5_5_mut_E92TS93TK96DV97L_round_2_0018.rst7,-48.65337952
../no_restraint_new_protocol//min_NoH_5_2_5_5_mut_E92TS93TK96DV97L_round_2_0024.rst7,-44.20887264
../no_restraint_new_protocol//min_NoH_5_2_6_5_mut_E92TS93TK96DV97L_round_2_0012.rst7,-52.64456792
../no_restraint_new_protocol//min_NoH_5_2_6_5_mut_E92TS93TK96DV97L_round_2_0013.rst7,-35.4190524
../no_restraint_new_protocol//min_NoH_5_2_6_5_mut_E92TS93TK96DV97L_round_2_0019.rst7,-50.08182712
../no_restraint_new_protocol//min_NoH_5_2_6_5_mut_E92TS93TK96DV97L_round_2_0024.rst7,-53.12629408
../no_restraint_new_protocol//min_NoH_5_2_7_5_mut_E92TS93TK96DV97L_round_2_0019.rst7,-48.86918088
../no_restraint_new_protocol//min_NoH_5_2_8_5_mut_E92TS93TK96DV97L_round_2_0011.rst7,-46.34617016
../no_restraint_new_protocol//min_NoH_5_2_8_5_mut_E92TS93TK96DV97L_round_2_0017.rst7,-40.591854
../no_restraint_new_protocol//min_NoH_5_2_8_5_mut_E92TS93TK96DV97L_round_2_0020.rst7,-45.89231456
../no_restraint_new_protocol//min_NoH_6_1_2_6_mut_E92TS93TK96DV97L_round_1_0009.rst7,-48.84863704
../no_restraint_new_protocol//min_NoH_6_1_3_6_mut_E92TS93TK96DV97L_round_1_0004.rst7,-34.26857904
../no_restraint_new_protocol//min_NoH_6_1_5_6_mut_E92TS93TK96DV97L_round_1_0005.rst7,-40.52377736
../no_restraint_new_protocol//min_NoH_6_1_5_6_mut_E92TS93TK96DV97L_round_1_0009.rst7,-43.3400952
../no_restraint_new_protocol//min_NoH_6_1_5_6_mut_E92TS93TK96DV97L_round_1_0012.rst7,-48.15866704
../no_restraint_new_protocol//min_NoH_6_1_5_6_mut_E92TS93TK96DV97L_round_1_0013.rst7,-37.98895424
../no_restraint_new_protocol//min_NoH_6_1_6_6_mut_E92TS93TK96DV97L_round_1_0003.rst7,-43.3795764
../no_restraint_new_protocol//min_NoH_6_1_6_6_mut_E92TS93TK96DV97L_round_1_0013.rst7,-36.80641272
../no_restraint_new_protocol//min_NoH_6_1_6_6_mut_E92TS93TK96DV97L_round_1_0019.rst7,-42.53955656
../no_restraint_new_protocol//min_NoH_6_1_7_6_mut_E92TS93TK96DV97L_round_1_0002.rst7,-51.69595672
../no_restraint_new_protocol//min_NoH_6_1_8_6_mut_E92TS93TK96DV97L_round_1_0002.rst7,-48.17010064
../no_restraint_new_protocol//min_NoH_6_1_8_6_mut_E92TS93TK96DV97L_round_1_0019.rst7,-43.84723616
../no_restraint_new_protocol//min_NoH_6_1_8_6_mut_E92TS93TK96DV97L_round_1_0025.rst7,-49.08919272