../no_restraint_new_protocol//min_NoH_10_2_1_10_mut_E92TS93NE94DK96LV97L_round_2_0024.rst7,-48.49541032
../no_restraint_new_protocol//min_NoH_10_2_2_10_mut_E92TS93NE94DK96LV97L_round_2_0002.rst7,-48.7849312
../no_restraint_new_protocol//min_NoH_10_2_2_10_mut_E92TS93NE94DK96LV97L_round_2_0005.rst7,-47.66276776
../no_restraint_new_protocol//min_NoH_10_2_2_10_mut_E92TS93NE94DK96LV97L_round_2_0008.rst7,-54.77649496
../no_restraint_new_protocol//min_NoH_10_2_5_10_mut_E92TS93NE94DK96LV97L_round_2_0004.rst7,-43.1825128
../no_restraint_new_protocol//min_NoH_10_2_5_10_mut_E92TS93NE94DK96LV97L_round_2_0020.rst7,-46.8755224
../no_restraint_new_protocol//min_NoH_10_2_5_10_mut_E92TS93NE94DK96LV97L_round_2_0021.rst7,-48.65535488
../no_restraint_new_protocol//min_NoH_10_2_7_10_mut_E92TS93NE94DK96LV97L_round_2_0009.rst7,-45.737446
../no_restraint_new_protocol//min_NoH_10_2_7_10_mut_E92TS93NE94DK96LV97L_round_2_0023.rst7,-43.20980448
../no_restraint_new_protocol//min_NoH_10_2_8_10_mut_E92TS93NE94DK96LV97L_round_2_0003.rst7,-47.32306832
../no_restraint_new_protocol//min_NoH_10_2_8_10_mut_E92TS93NE94DK96LV97L_round_2_0004.rst7,-54.7510152
../no_restraint_new_protocol//min_NoH_10_2_8_10_mut_E92TS93NE94DK96LV97L_round_2_0014.rst7,-55.22031632
../no_restraint_new_protocol//min_NoH_5_4_1_5_mut_E92TS93NE94DK96LV97L_round_4_0005.rst7,-44.95826288
../no_restraint_new_protocol//min_NoH_5_4_1_5_mut_E92TS93NE94DK96LV97L_round_4_0006.rst7,-48.1395932
../no_restraint_new_protocol//min_NoH_5_4_1_5_mut_E92TS93NE94DK96LV97L_round_4_0018.rst7,-48.396232
../no_restraint_new_protocol//min_NoH_5_4_2_5_mut_E92TS93NE94DK96LV97L_round_4_0002.rst7,-55.16741752
../no_restraint_new_protocol//min_NoH_5_4_2_5_mut_E92TS93NE94DK96LV97L_round_4_0004.rst7,-53.13150232
../no_restraint_new_protocol//min_NoH_5_4_2_5_mut_E92TS93NE94DK96LV97L_round_4_0007.rst7,-50.44069064
../no_restraint_new_protocol//min_NoH_5_4_3_5_mut_E92TS93NE94DK96LV97L_round_4_0023.rst7,-52.42579832
../no_restraint_new_protocol//min_NoH_5_4_4_5_mut_E92TS93NE94DK96LV97L_round_4_0008.rst7,-55.09620112
../no_restraint_new_protocol//min_NoH_5_4_4_5_mut_E92TS93NE94DK96LV97L_round_4_0010.rst7,-54.16047792
../no_restraint_new_protocol//min_NoH_5_4_4_5_mut_E92TS93NE94DK96LV97L_round_4_0011.rst7,-57.81903608
../no_restraint_new_protocol//min_NoH_5_4_4_5_mut_E92TS93NE94DK96LV97L_round_4_0016.rst7,-53.64122768
../no_restraint_new_protocol//min_NoH_5_4_5_5_mut_E92TS93NE94DK96LV97L_round_4_0005.rst7,-48.99870952
../no_restraint_new_protocol//min_NoH_5_4_5_5_mut_E92TS93NE94DK96LV97L_round_4_0006.rst7,-41.74941528
../no_restraint_new_protocol//min_NoH_5_4_5_5_mut_E92TS93NE94DK96LV97L_round_4_0017.rst7,-45.08101352
../no_restraint_new_protocol//min_NoH_5_4_5_5_mut_E92TS93NE94DK96LV97L_round_4_0019.rst7,-45.08871576
../no_restraint_new_protocol//min_NoH_5_4_6_5_mut_E92TS93NE94DK96LV97L_round_4_0008.rst7,-42.18291336
../no_restraint_new_protocol//min_NoH_5_4_6_5_mut_E92TS93NE94DK96LV97L_round_4_0014.rst7,-43.83405368
../no_restraint_new_protocol//min_NoH_5_4_6_5_mut_E92TS93NE94DK96LV97L_round_4_0019.rst7,-48.08021416
../no_restraint_new_protocol//min_NoH_5_4_6_5_mut_E92TS93NE94DK96LV97L_round_4_0023.rst7,-55.5743104
../no_restraint_new_protocol//min_NoH_5_4_6_5_mut_E92TS93NE94DK96LV97L_round_4_0024.rst7,-44.95724136
../no_restraint_new_protocol//min_NoH_5_4_7_5_mut_E92TS93NE94DK96LV97L_round_4_0016.rst7,-47.55397968
../no_restraint_new_protocol//min_NoH_5_4_7_5_mut_E92TS93NE94DK96LV97L_round_4_0019.rst7,-47.53980448
../no_restraint_new_protocol//min_NoH_9_4_1_9_mut_E92TS93NE94DK96LV97L_round_4_0023.rst7,-41.67114824
../no_restraint_new_protocol//min_NoH_9_4_2_9_mut_E92TS93NE94DK96LV97L_round_4_0023.rst7,-52.29152136
../no_restraint_new_protocol//min_NoH_9_4_3_9_mut_E92TS93NE94DK96LV97L_round_4_0014.rst7,-47.6646956
../no_restraint_new_protocol//min_NoH_9_4_4_9_mut_E92TS93NE94DK96LV97L_round_4_0013.rst7,-50.1480304
../no_restraint_new_protocol//min_NoH_9_4_4_9_mut_E92TS93NE94DK96LV97L_round_4_0016.rst7,-52.99732392
../no_restraint_new_protocol//min_NoH_9_4_4_9_mut_E92TS93NE94DK96LV97L_round_4_0020.rst7,-50.34762448
../no_restraint_new_protocol//min_NoH_9_4_4_9_mut_E92TS93NE94DK96LV97L_round_4_0025.rst7,-45.90325056
../no_restraint_new_protocol//min_NoH_9_4_6_9_mut_E92TS93NE94DK96LV97L_round_4_0005.rst7,-51.60320224
../no_restraint_new_protocol//min_NoH_9_4_6_9_mut_E92TS93NE94DK96LV97L_round_4_0011.rst7,-52.47728944
../no_restraint_new_protocol//min_NoH_9_4_6_9_mut_E92TS93NE94DK96LV97L_round_4_0018.rst7,-45.0713252
../no_restraint_new_protocol//min_NoH_9_4_6_9_mut_E92TS93NE94DK96LV97L_round_4_0021.rst7,-45.03648776
../no_restraint_new_protocol//min_NoH_9_4_6_9_mut_E92TS93NE94DK96LV97L_round_4_0025.rst7,-54.9423772
../no_restraint_new_protocol//min_NoH_9_4_7_9_mut_E92TS93NE94DK96LV97L_round_4_0004.rst7,-55.13799096
../no_restraint_new_protocol//min_NoH_9_4_7_9_mut_E92TS93NE94DK96LV97L_round_4_0006.rst7,-46.1763748
../no_restraint_new_protocol//min_NoH_9_4_7_9_mut_E92TS93NE94DK96LV97L_round_4_0019.rst7,-43.1108848
../no_restraint_new_protocol//min_NoH_9_4_7_9_mut_E92TS93NE94DK96LV97L_round_4_0024.rst7,-41.48374296