../no_restraint_new_protocol//min_NoH_10_1_1_10_mut_E92MS93QE94TV97L_round_1_0003.rst7,-52.68219728
../no_restraint_new_protocol//min_NoH_10_1_1_10_mut_E92MS93QE94TV97L_round_1_0011.rst7,-47.79459056
../no_restraint_new_protocol//min_NoH_10_1_1_10_mut_E92MS93QE94TV97L_round_1_0015.rst7,-51.07209592
../no_restraint_new_protocol//min_NoH_10_1_1_10_mut_E92MS93QE94TV97L_round_1_0022.rst7,-51.63336776
../no_restraint_new_protocol//min_NoH_10_1_1_10_mut_E92MS93QE94TV97L_round_1_0023.rst7,-60.20962392
../no_restraint_new_protocol//min_NoH_10_1_2_10_mut_E92MS93QE94TV97L_round_1_0009.rst7,-58.892806
../no_restraint_new_protocol//min_NoH_10_1_2_10_mut_E92MS93QE94TV97L_round_1_0015.rst7,-57.45982264
../no_restraint_new_protocol//min_NoH_10_1_3_10_mut_E92MS93QE94TV97L_round_1_0010.rst7,-48.57926624
../no_restraint_new_protocol//min_NoH_10_1_4_10_mut_E92MS93QE94TV97L_round_1_0005.rst7,-49.80796176
../no_restraint_new_protocol//min_NoH_10_1_4_10_mut_E92MS93QE94TV97L_round_1_0008.rst7,-52.07648592
../no_restraint_new_protocol//min_NoH_10_1_4_10_mut_E92MS93QE94TV97L_round_1_0021.rst7,-56.78132232
../no_restraint_new_protocol//min_NoH_10_1_5_10_mut_E92MS93QE94TV97L_round_1_0019.rst7,-50.27936672
../no_restraint_new_protocol//min_NoH_10_1_6_10_mut_E92MS93QE94TV97L_round_1_0005.rst7,-49.3306516
../no_restraint_new_protocol//min_NoH_10_1_6_10_mut_E92MS93QE94TV97L_round_1_0016.rst7,-48.84540616
../no_restraint_new_protocol//min_NoH_10_1_7_10_mut_E92MS93QE94TV97L_round_1_0003.rst7,-48.36587264
../no_restraint_new_protocol//min_NoH_10_1_7_10_mut_E92MS93QE94TV97L_round_1_0014.rst7,-60.20142672
../no_restraint_new_protocol//min_NoH_10_1_7_10_mut_E92MS93QE94TV97L_round_1_0023.rst7,-49.87405552
../no_restraint_new_protocol//min_NoH_1_4_1_1_mut_E92MS93QE94TV97L_round_4_0003.rst7,-54.30946032
../no_restraint_new_protocol//min_NoH_1_4_1_1_mut_E92MS93QE94TV97L_round_4_0005.rst7,-51.67091072
../no_restraint_new_protocol//min_NoH_1_4_1_1_mut_E92MS93QE94TV97L_round_4_0007.rst7,-62.27903024
../no_restraint_new_protocol//min_NoH_1_4_1_1_mut_E92MS93QE94TV97L_round_4_0010.rst7,-49.9777188
../no_restraint_new_protocol//min_NoH_1_4_1_1_mut_E92MS93QE94TV97L_round_4_0014.rst7,-56.38866736
../no_restraint_new_protocol//min_NoH_1_4_2_1_mut_E92MS93QE94TV97L_round_4_0006.rst7,-54.28305688
../no_restraint_new_protocol//min_NoH_1_4_2_1_mut_E92MS93QE94TV97L_round_4_0009.rst7,-52.43323968
../no_restraint_new_protocol//min_NoH_1_4_2_1_mut_E92MS93QE94TV97L_round_4_0011.rst7,-49.27818096
../no_restraint_new_protocol//min_NoH_1_4_2_1_mut_E92MS93QE94TV97L_round_4_0021.rst7,-57.13680272
../no_restraint_new_protocol//min_NoH_1_4_2_1_mut_E92MS93QE94TV97L_round_4_0025.rst7,-46.09606592
../no_restraint_new_protocol//min_NoH_1_4_4_1_mut_E92MS93QE94TV97L_round_4_0005.rst7,-46.12796072
../no_restraint_new_protocol//min_NoH_1_4_4_1_mut_E92MS93QE94TV97L_round_4_0008.rst7,-46.5800692
../no_restraint_new_protocol//min_NoH_1_4_4_1_mut_E92MS93QE94TV97L_round_4_0013.rst7,-50.8803348
../no_restraint_new_protocol//min_NoH_1_4_5_1_mut_E92MS93QE94TV97L_round_4_0004.rst7,-54.26447432
../no_restraint_new_protocol//min_NoH_1_4_5_1_mut_E92MS93QE94TV97L_round_4_0008.rst7,-43.0619916
../no_restraint_new_protocol//min_NoH_1_4_5_1_mut_E92MS93QE94TV97L_round_4_0021.rst7,-46.8911528
../no_restraint_new_protocol//min_NoH_1_4_5_1_mut_E92MS93QE94TV97L_round_4_0022.rst7,-48.55871896
../no_restraint_new_protocol//min_NoH_1_4_6_1_mut_E92MS93QE94TV97L_round_4_0024.rst7,-51.15458248
../no_restraint_new_protocol//min_NoH_1_4_6_1_mut_E92MS93QE94TV97L_round_4_0025.rst7,-51.523208
../no_restraint_new_protocol//min_NoH_1_4_7_1_mut_E92MS93QE94TV97L_round_4_0009.rst7,-55.62464144
../no_restraint_new_protocol//min_NoH_3_2_1_3_mut_E92MS93QE94TV97L_round_2_0007.rst7,-45.94789976
../no_restraint_new_protocol//min_NoH_3_2_1_3_mut_E92MS93QE94TV97L_round_2_0016.rst7,-47.7403312
../no_restraint_new_protocol//min_NoH_3_2_1_3_mut_E92MS93QE94TV97L_round_2_0021.rst7,-52.26058272
../no_restraint_new_protocol//min_NoH_3_2_1_3_mut_E92MS93QE94TV97L_round_2_0022.rst7,-53.3268224
../no_restraint_new_protocol//min_NoH_3_2_2_3_mut_E92MS93QE94TV97L_round_2_0025.rst7,-56.05616944
../no_restraint_new_protocol//min_NoH_3_2_4_3_mut_E92MS93QE94TV97L_round_2_0010.rst7,-45.84600328
../no_restraint_new_protocol//min_NoH_3_2_4_3_mut_E92MS93QE94TV97L_round_2_0014.rst7,-55.07272408
../no_restraint_new_protocol//min_NoH_3_2_4_3_mut_E92MS93QE94TV97L_round_2_0024.rst7,-54.65369712
../no_restraint_new_protocol//min_NoH_3_2_6_3_mut_E92MS93QE94TV97L_round_2_0014.rst7,-46.1892232
../no_restraint_new_protocol//min_NoH_3_2_6_3_mut_E92MS93QE94TV97L_round_2_0015.rst7,-51.26996344
../no_restraint_new_protocol//min_NoH_3_2_7_3_mut_E92MS93QE94TV97L_round_2_0018.rst7,-49.62760288
../no_restraint_new_protocol//min_NoH_3_2_8_3_mut_E92MS93QE94TV97L_round_2_0011.rst7,-50.49454408
../no_restraint_new_protocol//min_NoH_3_2_8_3_mut_E92MS93QE94TV97L_round_2_0024.rst7,-49.79931648