../no_restraint_new_protocol//min_NoH_2_3_10_2_mut_A117NA118YA119KT121M_round_3_0003.rst7,-79.23148736,0.830346829296
../no_restraint_new_protocol//min_NoH_2_3_10_2_mut_A117NA118YA119KT121M_round_3_0015.rst7,-78.7745288,0.952245297125
../no_restraint_new_protocol//min_NoH_2_3_1_2_mut_A117NA118YA119KT121M_round_3_0012.rst7,-70.45225016,0.737907746663
../no_restraint_new_protocol//min_NoH_2_3_2_2_mut_A117NA118YA119KT121M_round_3_0002.rst7,-76.3385868,0.830287253792
../no_restraint_new_protocol//min_NoH_2_3_2_2_mut_A117NA118YA119KT121M_round_3_0008.rst7,-72.87193312,0.83619084928
../no_restraint_new_protocol//min_NoH_2_3_2_2_mut_A117NA118YA119KT121M_round_3_0012.rst7,-75.86769424,0.753199457338
../no_restraint_new_protocol//min_NoH_2_3_2_2_mut_A117NA118YA119KT121M_round_3_0017.rst7,-77.11097008,0.84601739854
../no_restraint_new_protocol//min_NoH_2_3_2_2_mut_A117NA118YA119KT121M_round_3_0020.rst7,-74.8189592,0.790996100169
../no_restraint_new_protocol//min_NoH_2_3_3_2_mut_A117NA118YA119KT121M_round_3_0012.rst7,-73.46173384,0.785281937379
../no_restraint_new_protocol//min_NoH_2_3_3_2_mut_A117NA118YA119KT121M_round_3_0019.rst7,-74.93780336,0.826182305285
../no_restraint_new_protocol//min_NoH_2_3_4_2_mut_A117NA118YA119KT121M_round_3_0010.rst7,-73.02477424,0.838467643032
../no_restraint_new_protocol//min_NoH_2_3_5_2_mut_A117NA118YA119KT121M_round_3_0001.rst7,-65.8242584,1.06254737313
../no_restraint_new_protocol//min_NoH_2_3_5_2_mut_A117NA118YA119KT121M_round_3_0005.rst7,-68.4767948,0.835727524294
../no_restraint_new_protocol//min_NoH_2_3_5_2_mut_A117NA118YA119KT121M_round_3_0006.rst7,-73.87460568,0.730736908883
../no_restraint_new_protocol//min_NoH_2_3_5_2_mut_A117NA118YA119KT121M_round_3_0017.rst7,-72.93783432,0.951145810355
../no_restraint_new_protocol//min_NoH_2_3_5_2_mut_A117NA118YA119KT121M_round_3_0020.rst7,-68.61501744,0.827490646395
../no_restraint_new_protocol//min_NoH_2_3_6_2_mut_A117NA118YA119KT121M_round_3_0006.rst7,-74.8715008,0.893493182682
../no_restraint_new_protocol//min_NoH_2_3_6_2_mut_A117NA118YA119KT121M_round_3_0007.rst7,-74.85239088,0.864498560511
../no_restraint_new_protocol//min_NoH_2_3_7_2_mut_A117NA118YA119KT121M_round_3_0006.rst7,-68.82591112,0.773784996907
../no_restraint_new_protocol//min_NoH_2_3_8_2_mut_A117NA118YA119KT121M_round_3_0005.rst7,-74.39237256,0.773535886079
../no_restraint_new_protocol//min_NoH_2_3_8_2_mut_A117NA118YA119KT121M_round_3_0018.rst7,-89.03200728,0.856416762595
../no_restraint_new_protocol//min_NoH_2_3_9_2_mut_A117NA118YA119KT121M_round_3_0003.rst7,-76.82360416,0.783956455995
../no_restraint_new_protocol//min_NoH_2_3_9_2_mut_A117NA118YA119KT121M_round_3_0014.rst7,-74.06072192,0.901037469173
../no_restraint_new_protocol//min_NoH_2_3_9_2_mut_A117NA118YA119KT121M_round_3_0017.rst7,-73.15169456,0.902625636845
../no_restraint_new_protocol//min_NoH_4_5_10_4_mut_A117NA118YA119KT121M_round_5_0002.rst7,-72.74528232,0.935426104338
../no_restraint_new_protocol//min_NoH_4_5_1_4_mut_A117NA118YA119KT121M_round_5_0002.rst7,-70.77592624,0.793139800407
../no_restraint_new_protocol//min_NoH_4_5_1_4_mut_A117NA118YA119KT121M_round_5_0012.rst7,-76.83814976,0.776761099943
../no_restraint_new_protocol//min_NoH_4_5_1_4_mut_A117NA118YA119KT121M_round_5_0016.rst7,-83.37392408,0.929337675741
../no_restraint_new_protocol//min_NoH_4_5_1_4_mut_A117NA118YA119KT121M_round_5_0018.rst7,-67.95117328,1.09220038404
../no_restraint_new_protocol//min_NoH_4_5_2_4_mut_A117NA118YA119KT121M_round_5_0006.rst7,-66.39064064,0.856467594185
../no_restraint_new_protocol//min_NoH_4_5_2_4_mut_A117NA118YA119KT121M_round_5_0012.rst7,-67.03174512,0.848259691898
../no_restraint_new_protocol//min_NoH_4_5_3_4_mut_A117NA118YA119KT121M_round_5_0012.rst7,-68.83039,0.867371028325
../no_restraint_new_protocol//min_NoH_4_5_3_4_mut_A117NA118YA119KT121M_round_5_0018.rst7,-66.77227968,0.811635631645
../no_restraint_new_protocol//min_NoH_4_5_4_4_mut_A117NA118YA119KT121M_round_5_0011.rst7,-63.24173064,0.892071757752
../no_restraint_new_protocol//min_NoH_4_5_5_4_mut_A117NA118YA119KT121M_round_5_0019.rst7,-74.99769512,0.875871212526
../no_restraint_new_protocol//min_NoH_4_5_6_4_mut_A117NA118YA119KT121M_round_5_0004.rst7,-73.97943888,0.797263238083
../no_restraint_new_protocol//min_NoH_4_5_6_4_mut_A117NA118YA119KT121M_round_5_0019.rst7,-67.66490336,0.876410058809
../no_restraint_new_protocol//min_NoH_4_5_7_4_mut_A117NA118YA119KT121M_round_5_0006.rst7,-73.74467168,0.961424471234
../no_restraint_new_protocol//min_NoH_4_5_8_4_mut_A117NA118YA119KT121M_round_5_0005.rst7,-72.40037528,0.723290485994
../no_restraint_new_protocol//min_NoH_4_5_9_4_mut_A117NA118YA119KT121M_round_5_0006.rst7,-73.761738,0.891940225854
../no_restraint_new_protocol//min_NoH_4_5_9_4_mut_A117NA118YA119KT121M_round_5_0017.rst7,-76.05807632,0.762317443045
../no_restraint_new_protocol//min_NoH_4_5_9_4_mut_A117NA118YA119KT121M_round_5_0019.rst7,-69.93329584,0.89169109487
../no_restraint_new_protocol//min_NoH_5_4_10_5_mut_A117NA118YA119KT121M_round_4_0019.rst7,-67.41489272,0.861344265366
../no_restraint_new_protocol//min_NoH_5_4_2_5_mut_A117NA118YA119KT121M_round_4_0011.rst7,-75.02576688,0.918621505462
../no_restraint_new_protocol//min_NoH_5_4_4_5_mut_A117NA118YA119KT121M_round_4_0005.rst7,-71.01000024,0.78119980344
../no_restraint_new_protocol//min_NoH_5_4_4_5_mut_A117NA118YA119KT121M_round_4_0015.rst7,-89.20579536,0.847140711919
../no_restraint_new_protocol//min_NoH_5_4_5_5_mut_A117NA118YA119KT121M_round_4_0006.rst7,-68.952548,0.951837126953
../no_restraint_new_protocol//min_NoH_5_4_6_5_mut_A117NA118YA119KT121M_round_4_0013.rst7,-73.4787444,0.877360712309
../no_restraint_new_protocol//min_NoH_5_4_7_5_mut_A117NA118YA119KT121M_round_4_0007.rst7,-74.08336352,0.701726469642
../no_restraint_new_protocol//min_NoH_5_4_7_5_mut_A117NA118YA119KT121M_round_4_0014.rst7,-74.2012772,0.959479809232