../no_restraint_new_protocol//min_NoH_1_2_10_1_mut_A117NA118YA119K_round_2_0001.rst7,-77.48762576,0.754401110704
../no_restraint_new_protocol//min_NoH_1_2_2_1_mut_A117NA118YA119K_round_2_0019.rst7,-68.76298832,0.743398348971
../no_restraint_new_protocol//min_NoH_1_2_2_1_mut_A117NA118YA119K_round_2_0020.rst7,-67.90972136,0.817496208632
../no_restraint_new_protocol//min_NoH_1_2_3_1_mut_A117NA118YA119K_round_2_0003.rst7,-67.76307176,0.79269868226
../no_restraint_new_protocol//min_NoH_1_2_3_1_mut_A117NA118YA119K_round_2_0012.rst7,-70.3586124,0.930302063636
../no_restraint_new_protocol//min_NoH_1_2_3_1_mut_A117NA118YA119K_round_2_0016.rst7,-68.95940264,0.865869879464
../no_restraint_new_protocol//min_NoH_1_2_4_1_mut_A117NA118YA119K_round_2_0010.rst7,-71.79262816,0.805797511352
../no_restraint_new_protocol//min_NoH_1_2_4_1_mut_A117NA118YA119K_round_2_0017.rst7,-82.30691408,0.850323277583
../no_restraint_new_protocol//min_NoH_1_2_6_1_mut_A117NA118YA119K_round_2_0008.rst7,-77.75238736,0.885595111925
../no_restraint_new_protocol//min_NoH_1_2_8_1_mut_A117NA118YA119K_round_2_0012.rst7,-68.16864008,0.832576344827
../no_restraint_new_protocol//min_NoH_1_2_9_1_mut_A117NA118YA119K_round_2_0012.rst7,-67.80537736,0.77675149143
../no_restraint_new_protocol//min_NoH_8_2_10_8_mut_A117NA118YA119K_round_2_0016.rst7,-68.89097408,0.879878440219
../no_restraint_new_protocol//min_NoH_8_2_1_8_mut_A117NA118YA119K_round_2_0006.rst7,-75.61893776,0.820734812341
../no_restraint_new_protocol//min_NoH_8_2_1_8_mut_A117NA118YA119K_round_2_0011.rst7,-67.77094576,0.770082546629
../no_restraint_new_protocol//min_NoH_8_2_1_8_mut_A117NA118YA119K_round_2_0019.rst7,-73.1139468,0.9053132036
../no_restraint_new_protocol//min_NoH_8_2_2_8_mut_A117NA118YA119K_round_2_0012.rst7,-76.53193584,0.735346270018
../no_restraint_new_protocol//min_NoH_8_2_2_8_mut_A117NA118YA119K_round_2_0016.rst7,-66.70910376,0.863328022289
../no_restraint_new_protocol//min_NoH_8_2_3_8_mut_A117NA118YA119K_round_2_0014.rst7,-70.74656824,0.792984463654
../no_restraint_new_protocol//min_NoH_8_2_3_8_mut_A117NA118YA119K_round_2_0019.rst7,-65.38838888,0.996125368892
../no_restraint_new_protocol//min_NoH_8_2_4_8_mut_A117NA118YA119K_round_2_0010.rst7,-77.25639256,0.74161563555
../no_restraint_new_protocol//min_NoH_8_2_4_8_mut_A117NA118YA119K_round_2_0011.rst7,-77.31717808,0.78545401661
../no_restraint_new_protocol//min_NoH_8_2_5_8_mut_A117NA118YA119K_round_2_0008.rst7,-77.15416736,0.74199615292
../no_restraint_new_protocol//min_NoH_8_2_5_8_mut_A117NA118YA119K_round_2_0014.rst7,-68.56215312,0.765145587726
../no_restraint_new_protocol//min_NoH_8_2_5_8_mut_A117NA118YA119K_round_2_0018.rst7,-68.42839112,0.719844498811
../no_restraint_new_protocol//min_NoH_8_2_6_8_mut_A117NA118YA119K_round_2_0009.rst7,-71.98071528,0.74723559479
../no_restraint_new_protocol//min_NoH_8_2_6_8_mut_A117NA118YA119K_round_2_0010.rst7,-73.83312776,0.739171187156
../no_restraint_new_protocol//min_NoH_8_2_6_8_mut_A117NA118YA119K_round_2_0016.rst7,-74.38259008,0.980860123947
../no_restraint_new_protocol//min_NoH_8_2_6_8_mut_A117NA118YA119K_round_2_0018.rst7,-72.30280144,0.731223574534
../no_restraint_new_protocol//min_NoH_8_2_7_8_mut_A117NA118YA119K_round_2_0001.rst7,-71.95177312,0.767529398731
../no_restraint_new_protocol//min_NoH_8_2_7_8_mut_A117NA118YA119K_round_2_0019.rst7,-72.11060272,0.778655861573
../no_restraint_new_protocol//min_NoH_8_2_8_8_mut_A117NA118YA119K_round_2_0003.rst7,-72.52131136,0.76139964402
../no_restraint_new_protocol//min_NoH_8_2_8_8_mut_A117NA118YA119K_round_2_0011.rst7,-68.32020752,0.835062968854
../no_restraint_new_protocol//min_NoH_8_2_9_8_mut_A117NA118YA119K_round_2_0001.rst7,-70.57473632,0.751421495779
../no_restraint_new_protocol//min_NoH_8_2_9_8_mut_A117NA118YA119K_round_2_0003.rst7,-67.9617988,0.784772459113
../no_restraint_new_protocol//min_NoH_8_2_9_8_mut_A117NA118YA119K_round_2_0007.rst7,-72.48890176,0.760710081211
../no_restraint_new_protocol//min_NoH_8_2_9_8_mut_A117NA118YA119K_round_2_0014.rst7,-76.74404104,0.819478653488
../no_restraint_new_protocol//min_NoH_8_2_9_8_mut_A117NA118YA119K_round_2_0020.rst7,-68.126252,0.816548816124
../no_restraint_new_protocol//min_NoH_9_1_10_9_mut_A117NA118YA119K_round_1_0016.rst7,-66.69009152,0.866684018578
../no_restraint_new_protocol//min_NoH_9_1_2_9_mut_A117NA118YA119K_round_1_0006.rst7,-67.1273944,0.862388304522
../no_restraint_new_protocol//min_NoH_9_1_3_9_mut_A117NA118YA119K_round_1_0013.rst7,-77.39045832,0.862066235927
../no_restraint_new_protocol//min_NoH_9_1_3_9_mut_A117NA118YA119K_round_1_0020.rst7,-69.02444024,0.786491680065
../no_restraint_new_protocol//min_NoH_9_1_5_9_mut_A117NA118YA119K_round_1_0011.rst7,-71.68488728,0.761080637949
../no_restraint_new_protocol//min_NoH_9_1_5_9_mut_A117NA118YA119K_round_1_0017.rst7,-76.90776824,0.773175510956
../no_restraint_new_protocol//min_NoH_9_1_6_9_mut_A117NA118YA119K_round_1_0007.rst7,-66.282708,0.891464369465
../no_restraint_new_protocol//min_NoH_9_1_6_9_mut_A117NA118YA119K_round_1_0013.rst7,-67.00302224,0.897883081181
../no_restraint_new_protocol//min_NoH_9_1_6_9_mut_A117NA118YA119K_round_1_0014.rst7,-66.9692028,0.900466280962
../no_restraint_new_protocol//min_NoH_9_1_8_9_mut_A117NA118YA119K_round_1_0002.rst7,-67.42589688,0.855286370586
../no_restraint_new_protocol//min_NoH_9_1_8_9_mut_A117NA118YA119K_round_1_0013.rst7,-74.44208032,0.755248190657
../no_restraint_new_protocol//min_NoH_9_1_8_9_mut_A117NA118YA119K_round_1_0014.rst7,-72.41319488,0.74990899725
../no_restraint_new_protocol//min_NoH_9_1_9_9_mut_A117NA118YA119K_round_1_0018.rst7,-77.13859704,0.760165881164