../no_restraint_new_protocol//min_NoH_2_1_10_2_mut_H72FA117NA118YA119KT121M_round_1_0005.rst7,-70.11760488,0.797723087885
../no_restraint_new_protocol//min_NoH_2_1_10_2_mut_H72FA117NA118YA119KT121M_round_1_0012.rst7,-74.84754216,0.75330936837
../no_restraint_new_protocol//min_NoH_2_1_10_2_mut_H72FA117NA118YA119KT121M_round_1_0016.rst7,-67.56620816,0.936110430385
../no_restraint_new_protocol//min_NoH_2_1_3_2_mut_H72FA117NA118YA119KT121M_round_1_0011.rst7,-68.25555104,0.972535163133
../no_restraint_new_protocol//min_NoH_2_1_3_2_mut_H72FA117NA118YA119KT121M_round_1_0013.rst7,-70.22350912,0.726900753176
../no_restraint_new_protocol//min_NoH_2_1_4_2_mut_H72FA117NA118YA119KT121M_round_1_0015.rst7,-76.30053272,0.821291770068
../no_restraint_new_protocol//min_NoH_2_1_5_2_mut_H72FA117NA118YA119KT121M_round_1_0004.rst7,-73.80715368,0.760280515307
../no_restraint_new_protocol//min_NoH_2_1_5_2_mut_H72FA117NA118YA119KT121M_round_1_0014.rst7,-68.21262792,0.903437522524
../no_restraint_new_protocol//min_NoH_2_1_7_2_mut_H72FA117NA118YA119KT121M_round_1_0006.rst7,-68.90241432,0.831681589904
../no_restraint_new_protocol//min_NoH_2_1_8_2_mut_H72FA117NA118YA119KT121M_round_1_0002.rst7,-69.27848432,0.779153143861
../no_restraint_new_protocol//min_NoH_2_1_8_2_mut_H72FA117NA118YA119KT121M_round_1_0006.rst7,-68.6663276,0.923435932734
../no_restraint_new_protocol//min_NoH_4_2_10_4_mut_H72FA117NA118YA119KT121M_round_2_0009.rst7,-73.44469056,0.788489114922
../no_restraint_new_protocol//min_NoH_4_2_2_4_mut_H72FA117NA118YA119KT121M_round_2_0011.rst7,-74.09843608,0.741552052533
../no_restraint_new_protocol//min_NoH_4_2_2_4_mut_H72FA117NA118YA119KT121M_round_2_0015.rst7,-74.3183736,0.82777755952
../no_restraint_new_protocol//min_NoH_4_2_4_4_mut_H72FA117NA118YA119KT121M_round_2_0004.rst7,-73.73716384,0.736572881504
../no_restraint_new_protocol//min_NoH_4_2_4_4_mut_H72FA117NA118YA119KT121M_round_2_0006.rst7,-75.38742392,0.992858938951
../no_restraint_new_protocol//min_NoH_4_2_4_4_mut_H72FA117NA118YA119KT121M_round_2_0020.rst7,-76.7999572,0.848944017711
../no_restraint_new_protocol//min_NoH_4_2_5_4_mut_H72FA117NA118YA119KT121M_round_2_0016.rst7,-73.0861528,0.738986502778
../no_restraint_new_protocol//min_NoH_4_2_5_4_mut_H72FA117NA118YA119KT121M_round_2_0019.rst7,-73.77094976,0.746523163653
../no_restraint_new_protocol//min_NoH_4_2_6_4_mut_H72FA117NA118YA119KT121M_round_2_0009.rst7,-76.00570376,0.96570869986
../no_restraint_new_protocol//min_NoH_4_2_6_4_mut_H72FA117NA118YA119KT121M_round_2_0015.rst7,-69.32997296,0.862558843703
../no_restraint_new_protocol//min_NoH_4_2_6_4_mut_H72FA117NA118YA119KT121M_round_2_0016.rst7,-70.50624512,0.859510584577
../no_restraint_new_protocol//min_NoH_4_2_7_4_mut_H72FA117NA118YA119KT121M_round_2_0017.rst7,-72.99135224,0.779762151139
../no_restraint_new_protocol//min_NoH_4_2_7_4_mut_H72FA117NA118YA119KT121M_round_2_0020.rst7,-77.21265072,0.941291849905
../no_restraint_new_protocol//min_NoH_4_2_9_4_mut_H72FA117NA118YA119KT121M_round_2_0007.rst7,-73.81793432,0.757725795824
../no_restraint_new_protocol//min_NoH_6_4_10_6_mut_H72FA117NA118YA119KT121M_round_4_0002.rst7,-79.11871584,0.792061945005
../no_restraint_new_protocol//min_NoH_6_4_10_6_mut_H72FA117NA118YA119KT121M_round_4_0012.rst7,-76.20018008,0.78874461337
../no_restraint_new_protocol//min_NoH_6_4_10_6_mut_H72FA117NA118YA119KT121M_round_4_0015.rst7,-73.14301128,0.745192670587
../no_restraint_new_protocol//min_NoH_6_4_10_6_mut_H72FA117NA118YA119KT121M_round_4_0017.rst7,-73.94313384,0.816817604416
../no_restraint_new_protocol//min_NoH_6_4_1_6_mut_H72FA117NA118YA119KT121M_round_4_0005.rst7,-68.79404064,0.813870589776
../no_restraint_new_protocol//min_NoH_6_4_1_6_mut_H72FA117NA118YA119KT121M_round_4_0012.rst7,-70.27255336,0.765227432235
../no_restraint_new_protocol//min_NoH_6_4_2_6_mut_H72FA117NA118YA119KT121M_round_4_0002.rst7,-77.02292408,0.758421683552
../no_restraint_new_protocol//min_NoH_6_4_2_6_mut_H72FA117NA118YA119KT121M_round_4_0004.rst7,-72.00418008,0.752305283626
../no_restraint_new_protocol//min_NoH_6_4_2_6_mut_H72FA117NA118YA119KT121M_round_4_0015.rst7,-68.78577192,0.815557228896
../no_restraint_new_protocol//min_NoH_6_4_3_6_mut_H72FA117NA118YA119KT121M_round_4_0003.rst7,-74.19870088,0.753822559029
../no_restraint_new_protocol//min_NoH_6_4_3_6_mut_H72FA117NA118YA119KT121M_round_4_0008.rst7,-70.59748824,0.792038689442
../no_restraint_new_protocol//min_NoH_6_4_3_6_mut_H72FA117NA118YA119KT121M_round_4_0013.rst7,-81.13750552,0.877831251379
../no_restraint_new_protocol//min_NoH_6_4_4_6_mut_H72FA117NA118YA119KT121M_round_4_0014.rst7,-67.91651312,0.79700578357
../no_restraint_new_protocol//min_NoH_6_4_5_6_mut_H72FA117NA118YA119KT121M_round_4_0004.rst7,-75.50454872,0.86472242011
../no_restraint_new_protocol//min_NoH_6_4_5_6_mut_H72FA117NA118YA119KT121M_round_4_0020.rst7,-79.02007112,0.944748656996
../no_restraint_new_protocol//min_NoH_6_4_7_6_mut_H72FA117NA118YA119KT121M_round_4_0001.rst7,-72.57632504,0.868488702787
../no_restraint_new_protocol//min_NoH_6_4_7_6_mut_H72FA117NA118YA119KT121M_round_4_0009.rst7,-80.7324756,0.856249050414
../no_restraint_new_protocol//min_NoH_6_4_8_6_mut_H72FA117NA118YA119KT121M_round_4_0007.rst7,-78.75352952,0.748465927019
../no_restraint_new_protocol//min_NoH_6_4_8_6_mut_H72FA117NA118YA119KT121M_round_4_0010.rst7,-73.39787,0.768290500231
../no_restraint_new_protocol//min_NoH_6_4_8_6_mut_H72FA117NA118YA119KT121M_round_4_0016.rst7,-74.66806256,0.833815484351
../no_restraint_new_protocol//min_NoH_6_4_8_6_mut_H72FA117NA118YA119KT121M_round_4_0018.rst7,-76.15969696,1.09945615294
../no_restraint_new_protocol//min_NoH_6_4_9_6_mut_H72FA117NA118YA119KT121M_round_4_0002.rst7,-74.95058136,0.799961352505
../no_restraint_new_protocol//min_NoH_6_4_9_6_mut_H72FA117NA118YA119KT121M_round_4_0005.rst7,-79.84488056,0.853359465605
../no_restraint_new_protocol//min_NoH_6_4_9_6_mut_H72FA117NA118YA119KT121M_round_4_0012.rst7,-68.52793952,0.873675855758
../no_restraint_new_protocol//min_NoH_6_4_9_6_mut_H72FA117NA118YA119KT121M_round_4_0015.rst7,-74.28604288,0.741120472805