../no_restraint_new_protocol//min_NoH_5_3_1_5_mut_S93EK96RV97F_round_3_0005.rst7,-64.78792312
../no_restraint_new_protocol//min_NoH_5_3_1_5_mut_S93EK96RV97F_round_3_0007.rst7,-64.2944148
../no_restraint_new_protocol//min_NoH_5_3_1_5_mut_S93EK96RV97F_round_3_0018.rst7,-57.45769216
../no_restraint_new_protocol//min_NoH_5_3_2_5_mut_S93EK96RV97F_round_3_0014.rst7,-60.23671368
../no_restraint_new_protocol//min_NoH_5_3_2_5_mut_S93EK96RV97F_round_3_0024.rst7,-60.01829768
../no_restraint_new_protocol//min_NoH_5_3_3_5_mut_S93EK96RV97F_round_3_0001.rst7,-64.09212264
../no_restraint_new_protocol//min_NoH_5_3_3_5_mut_S93EK96RV97F_round_3_0022.rst7,-64.04420384
../no_restraint_new_protocol//min_NoH_5_3_4_5_mut_S93EK96RV97F_round_3_0007.rst7,-60.14942264
../no_restraint_new_protocol//min_NoH_5_3_4_5_mut_S93EK96RV97F_round_3_0018.rst7,-62.81203048
../no_restraint_new_protocol//min_NoH_5_3_4_5_mut_S93EK96RV97F_round_3_0019.rst7,-62.984866
../no_restraint_new_protocol//min_NoH_5_3_5_5_mut_S93EK96RV97F_round_3_0001.rst7,-68.81919016
../no_restraint_new_protocol//min_NoH_5_3_5_5_mut_S93EK96RV97F_round_3_0017.rst7,-62.377372
../no_restraint_new_protocol//min_NoH_5_3_6_5_mut_S93EK96RV97F_round_3_0006.rst7,-76.6200896
../no_restraint_new_protocol//min_NoH_5_3_7_5_mut_S93EK96RV97F_round_3_0007.rst7,-59.67036848
../no_restraint_new_protocol//min_NoH_5_3_7_5_mut_S93EK96RV97F_round_3_0023.rst7,-69.71467208
../no_restraint_new_protocol//min_NoH_5_3_8_5_mut_S93EK96RV97F_round_3_0007.rst7,-62.29318936
../no_restraint_new_protocol//min_NoH_5_3_8_5_mut_S93EK96RV97F_round_3_0016.rst7,-64.85514192
../no_restraint_new_protocol//min_NoH_6_4_1_6_mut_S93EK96RV97F_round_4_0003.rst7,-73.6868228
../no_restraint_new_protocol//min_NoH_6_4_1_6_mut_S93EK96RV97F_round_4_0008.rst7,-62.14083496
../no_restraint_new_protocol//min_NoH_6_4_1_6_mut_S93EK96RV97F_round_4_0009.rst7,-63.72838336
../no_restraint_new_protocol//min_NoH_6_4_1_6_mut_S93EK96RV97F_round_4_0014.rst7,-60.49505488
../no_restraint_new_protocol//min_NoH_6_4_1_6_mut_S93EK96RV97F_round_4_0024.rst7,-59.22896704
../no_restraint_new_protocol//min_NoH_6_4_2_6_mut_S93EK96RV97F_round_4_0018.rst7,-67.53945664
../no_restraint_new_protocol//min_NoH_6_4_2_6_mut_S93EK96RV97F_round_4_0022.rst7,-58.52453872
../no_restraint_new_protocol//min_NoH_6_4_3_6_mut_S93EK96RV97F_round_4_0013.rst7,-61.81663128
../no_restraint_new_protocol//min_NoH_6_4_4_6_mut_S93EK96RV97F_round_4_0014.rst7,-65.33762568
../no_restraint_new_protocol//min_NoH_6_4_4_6_mut_S93EK96RV97F_round_4_0016.rst7,-69.55590144
../no_restraint_new_protocol//min_NoH_6_4_4_6_mut_S93EK96RV97F_round_4_0024.rst7,-62.34638048
../no_restraint_new_protocol//min_NoH_6_4_5_6_mut_S93EK96RV97F_round_4_0001.rst7,-63.81662736
../no_restraint_new_protocol//min_NoH_6_4_5_6_mut_S93EK96RV97F_round_4_0017.rst7,-60.94790048
../no_restraint_new_protocol//min_NoH_6_4_6_6_mut_S93EK96RV97F_round_4_0002.rst7,-65.61958272
../no_restraint_new_protocol//min_NoH_6_4_6_6_mut_S93EK96RV97F_round_4_0004.rst7,-66.21061992
../no_restraint_new_protocol//min_NoH_6_4_6_6_mut_S93EK96RV97F_round_4_0019.rst7,-66.15548384
../no_restraint_new_protocol//min_NoH_6_4_6_6_mut_S93EK96RV97F_round_4_0023.rst7,-64.66234976
../no_restraint_new_protocol//min_NoH_8_3_1_8_mut_S93EK96RV97F_round_3_0015.rst7,-72.16214016
../no_restraint_new_protocol//min_NoH_8_3_1_8_mut_S93EK96RV97F_round_3_0019.rst7,-67.20765032
../no_restraint_new_protocol//min_NoH_8_3_2_8_mut_S93EK96RV97F_round_3_0007.rst7,-72.10087792
../no_restraint_new_protocol//min_NoH_8_3_3_8_mut_S93EK96RV97F_round_3_0007.rst7,-67.8953972
../no_restraint_new_protocol//min_NoH_8_3_3_8_mut_S93EK96RV97F_round_3_0009.rst7,-66.34406232
../no_restraint_new_protocol//min_NoH_8_3_3_8_mut_S93EK96RV97F_round_3_0014.rst7,-68.08531496
../no_restraint_new_protocol//min_NoH_8_3_3_8_mut_S93EK96RV97F_round_3_0018.rst7,-70.22414424
../no_restraint_new_protocol//min_NoH_8_3_4_8_mut_S93EK96RV97F_round_3_0006.rst7,-65.55877888
../no_restraint_new_protocol//min_NoH_8_3_6_8_mut_S93EK96RV97F_round_3_0014.rst7,-62.28531264
../no_restraint_new_protocol//min_NoH_8_3_6_8_mut_S93EK96RV97F_round_3_0018.rst7,-65.83621416
../no_restraint_new_protocol//min_NoH_8_3_6_8_mut_S93EK96RV97F_round_3_0023.rst7,-68.2371304
../no_restraint_new_protocol//min_NoH_8_3_7_8_mut_S93EK96RV97F_round_3_0006.rst7,-53.40140208
../no_restraint_new_protocol//min_NoH_8_3_7_8_mut_S93EK96RV97F_round_3_0023.rst7,-72.50590472
../no_restraint_new_protocol//min_NoH_8_3_7_8_mut_S93EK96RV97F_round_3_0025.rst7,-63.81780736
../no_restraint_new_protocol//min_NoH_8_3_8_8_mut_S93EK96RV97F_round_3_0010.rst7,-63.1203552
../no_restraint_new_protocol//min_NoH_8_3_8_8_mut_S93EK96RV97F_round_3_0012.rst7,-65.42996296