../no_restraint_new_protocol//min_NoH_2_1_1_2_mut_E92RS93RK96EV97I_round_1_0012.rst7,-52.09316856,0.833381910614
../no_restraint_new_protocol//min_NoH_2_1_1_2_mut_E92RS93RK96EV97I_round_1_0022.rst7,-39.00481552,0.897415849194
../no_restraint_new_protocol//min_NoH_2_1_2_2_mut_E92RS93RK96EV97I_round_1_0012.rst7,-39.27032144,0.840836014327
../no_restraint_new_protocol//min_NoH_2_1_2_2_mut_E92RS93RK96EV97I_round_1_0015.rst7,-45.48879424,0.89863225794
../no_restraint_new_protocol//min_NoH_2_1_3_2_mut_E92RS93RK96EV97I_round_1_0003.rst7,-42.94416088,0.844446430062
../no_restraint_new_protocol//min_NoH_2_1_3_2_mut_E92RS93RK96EV97I_round_1_0008.rst7,-42.94442904,0.910253166313
../no_restraint_new_protocol//min_NoH_2_1_3_2_mut_E92RS93RK96EV97I_round_1_0011.rst7,-49.9785196,0.888509303166
../no_restraint_new_protocol//min_NoH_2_1_4_2_mut_E92RS93RK96EV97I_round_1_0012.rst7,-46.28756216,0.842471370518
../no_restraint_new_protocol//min_NoH_2_1_4_2_mut_E92RS93RK96EV97I_round_1_0014.rst7,-42.8142732,0.884786863987
../no_restraint_new_protocol//min_NoH_2_1_6_2_mut_E92RS93RK96EV97I_round_1_0003.rst7,-40.46795144,0.908969175495
../no_restraint_new_protocol//min_NoH_2_1_6_2_mut_E92RS93RK96EV97I_round_1_0018.rst7,-40.49372136,0.921241173995
../no_restraint_new_protocol//min_NoH_2_1_7_2_mut_E92RS93RK96EV97I_round_1_0017.rst7,-40.48190352,0.840907071645
../no_restraint_new_protocol//min_NoH_2_1_7_2_mut_E92RS93RK96EV97I_round_1_0019.rst7,-46.7702704,0.892517089697
../no_restraint_new_protocol//min_NoH_2_1_7_2_mut_E92RS93RK96EV97I_round_1_0024.rst7,-38.7985972,0.891830714312
../no_restraint_new_protocol//min_NoH_2_1_8_2_mut_E92RS93RK96EV97I_round_1_0006.rst7,-45.65823008,0.860131009074
../no_restraint_new_protocol//min_NoH_2_5_1_2_mut_E92RS93RK96EV97I_round_5_0007.rst7,-49.11264304,0.887887902626
../no_restraint_new_protocol//min_NoH_2_5_1_2_mut_E92RS93RK96EV97I_round_5_0010.rst7,-41.35665256,0.828959308779
../no_restraint_new_protocol//min_NoH_2_5_1_2_mut_E92RS93RK96EV97I_round_5_0013.rst7,-37.63798528,0.882067688115
../no_restraint_new_protocol//min_NoH_2_5_1_2_mut_E92RS93RK96EV97I_round_5_0023.rst7,-43.055368,0.882290451111
../no_restraint_new_protocol//min_NoH_2_5_2_2_mut_E92RS93RK96EV97I_round_5_0007.rst7,-44.69330744,0.857168462709
../no_restraint_new_protocol//min_NoH_2_5_2_2_mut_E92RS93RK96EV97I_round_5_0021.rst7,-45.26900768,0.888610873787
../no_restraint_new_protocol//min_NoH_2_5_3_2_mut_E92RS93RK96EV97I_round_5_0003.rst7,-46.06433448,0.87859005446
../no_restraint_new_protocol//min_NoH_2_5_4_2_mut_E92RS93RK96EV97I_round_5_0005.rst7,-41.83768976,0.924944433471
../no_restraint_new_protocol//min_NoH_2_5_4_2_mut_E92RS93RK96EV97I_round_5_0008.rst7,-44.05523808,0.91093348897
../no_restraint_new_protocol//min_NoH_2_5_5_2_mut_E92RS93RK96EV97I_round_5_0018.rst7,-43.95441848,0.875241379549
../no_restraint_new_protocol//min_NoH_2_5_5_2_mut_E92RS93RK96EV97I_round_5_0024.rst7,-38.8391072,0.840931464339
../no_restraint_new_protocol//min_NoH_2_5_6_2_mut_E92RS93RK96EV97I_round_5_0016.rst7,-48.51447848,0.898566719972
../no_restraint_new_protocol//min_NoH_2_5_7_2_mut_E92RS93RK96EV97I_round_5_0003.rst7,-39.52726288,0.850520724404
../no_restraint_new_protocol//min_NoH_2_5_7_2_mut_E92RS93RK96EV97I_round_5_0006.rst7,-42.4401072,0.915223020373
../no_restraint_new_protocol//min_NoH_2_5_7_2_mut_E92RS93RK96EV97I_round_5_0007.rst7,-47.157256,0.910335953224
../no_restraint_new_protocol//min_NoH_2_5_7_2_mut_E92RS93RK96EV97I_round_5_0013.rst7,-40.5907796,0.857047728647
../no_restraint_new_protocol//min_NoH_2_5_7_2_mut_E92RS93RK96EV97I_round_5_0018.rst7,-43.91498336,0.887325531022
../no_restraint_new_protocol//min_NoH_3_5_1_3_mut_E92RS93RK96EV97I_round_5_0003.rst7,-48.5835644,0.869730384771
../no_restraint_new_protocol//min_NoH_3_5_1_3_mut_E92RS93RK96EV97I_round_5_0011.rst7,-40.30716432,0.884818072622
../no_restraint_new_protocol//min_NoH_3_5_2_3_mut_E92RS93RK96EV97I_round_5_0011.rst7,-41.80904192,0.840842713274
../no_restraint_new_protocol//min_NoH_3_5_3_3_mut_E92RS93RK96EV97I_round_5_0014.rst7,-40.44559624,0.912820825839
../no_restraint_new_protocol//min_NoH_3_5_3_3_mut_E92RS93RK96EV97I_round_5_0024.rst7,-42.421518,0.852912178473
../no_restraint_new_protocol//min_NoH_3_5_4_3_mut_E92RS93RK96EV97I_round_5_0021.rst7,-44.93357064,0.890597433449
../no_restraint_new_protocol//min_NoH_3_5_4_3_mut_E92RS93RK96EV97I_round_5_0025.rst7,-42.97908136,0.858352459841
../no_restraint_new_protocol//min_NoH_3_5_5_3_mut_E92RS93RK96EV97I_round_5_0017.rst7,-42.85826176,0.855075566045
../no_restraint_new_protocol//min_NoH_3_5_6_3_mut_E92RS93RK96EV97I_round_5_0001.rst7,-45.76909744,0.827687129378
../no_restraint_new_protocol//min_NoH_3_5_6_3_mut_E92RS93RK96EV97I_round_5_0004.rst7,-40.26112712,0.869394969493
../no_restraint_new_protocol//min_NoH_3_5_6_3_mut_E92RS93RK96EV97I_round_5_0013.rst7,-40.2893276,0.887989236433
../no_restraint_new_protocol//min_NoH_3_5_6_3_mut_E92RS93RK96EV97I_round_5_0021.rst7,-51.65220232,0.899613258005
../no_restraint_new_protocol//min_NoH_3_5_7_3_mut_E92RS93RK96EV97I_round_5_0014.rst7,-40.27876976,0.874793173893
../no_restraint_new_protocol//min_NoH_3_5_7_3_mut_E92RS93RK96EV97I_round_5_0023.rst7,-42.57760808,0.887896554871
../no_restraint_new_protocol//min_NoH_3_5_8_3_mut_E92RS93RK96EV97I_round_5_0003.rst7,-41.97374456,0.941777886844
../no_restraint_new_protocol//min_NoH_3_5_8_3_mut_E92RS93RK96EV97I_round_5_0019.rst7,-45.43079336,0.879556578809
../no_restraint_new_protocol//min_NoH_3_5_8_3_mut_E92RS93RK96EV97I_round_5_0022.rst7,-37.77716912,0.838911888414
../no_restraint_new_protocol//min_NoH_3_5_8_3_mut_E92RS93RK96EV97I_round_5_0024.rst7,-47.20097848,0.858326524856