../no_restraint_new_protocol//min_NoH_10_1_1_10_mut_E92MS93QE94TV97L_round_1_0003.rst7,-52.68219728,0.925240396979
../no_restraint_new_protocol//min_NoH_10_1_1_10_mut_E92MS93QE94TV97L_round_1_0011.rst7,-47.79459056,0.929667854267
../no_restraint_new_protocol//min_NoH_10_1_1_10_mut_E92MS93QE94TV97L_round_1_0015.rst7,-51.07209592,0.914925811215
../no_restraint_new_protocol//min_NoH_10_1_1_10_mut_E92MS93QE94TV97L_round_1_0022.rst7,-51.63336776,0.892623714501
../no_restraint_new_protocol//min_NoH_10_1_1_10_mut_E92MS93QE94TV97L_round_1_0023.rst7,-60.20962392,0.965396494444
../no_restraint_new_protocol//min_NoH_10_1_2_10_mut_E92MS93QE94TV97L_round_1_0009.rst7,-58.892806,0.961098361776
../no_restraint_new_protocol//min_NoH_10_1_2_10_mut_E92MS93QE94TV97L_round_1_0015.rst7,-57.45982264,0.846429317468
../no_restraint_new_protocol//min_NoH_10_1_3_10_mut_E92MS93QE94TV97L_round_1_0010.rst7,-48.57926624,0.944417319607
../no_restraint_new_protocol//min_NoH_10_1_4_10_mut_E92MS93QE94TV97L_round_1_0005.rst7,-49.80796176,0.95531546101
../no_restraint_new_protocol//min_NoH_10_1_4_10_mut_E92MS93QE94TV97L_round_1_0008.rst7,-52.07648592,0.888509371438
../no_restraint_new_protocol//min_NoH_10_1_4_10_mut_E92MS93QE94TV97L_round_1_0021.rst7,-56.78132232,0.921497482162
../no_restraint_new_protocol//min_NoH_10_1_5_10_mut_E92MS93QE94TV97L_round_1_0019.rst7,-50.27936672,0.982497649368
../no_restraint_new_protocol//min_NoH_10_1_6_10_mut_E92MS93QE94TV97L_round_1_0005.rst7,-49.3306516,0.859383190962
../no_restraint_new_protocol//min_NoH_10_1_6_10_mut_E92MS93QE94TV97L_round_1_0016.rst7,-48.84540616,0.843800379436
../no_restraint_new_protocol//min_NoH_10_1_7_10_mut_E92MS93QE94TV97L_round_1_0003.rst7,-48.36587264,0.87455050253
../no_restraint_new_protocol//min_NoH_10_1_7_10_mut_E92MS93QE94TV97L_round_1_0014.rst7,-60.20142672,0.955221378432
../no_restraint_new_protocol//min_NoH_10_1_7_10_mut_E92MS93QE94TV97L_round_1_0023.rst7,-49.87405552,0.968080525206
../no_restraint_new_protocol//min_NoH_1_4_1_1_mut_E92MS93QE94TV97L_round_4_0003.rst7,-54.30946032,0.844818742937
../no_restraint_new_protocol//min_NoH_1_4_1_1_mut_E92MS93QE94TV97L_round_4_0005.rst7,-51.67091072,0.911194068301
../no_restraint_new_protocol//min_NoH_1_4_1_1_mut_E92MS93QE94TV97L_round_4_0007.rst7,-62.27903024,0.935855590195
../no_restraint_new_protocol//min_NoH_1_4_1_1_mut_E92MS93QE94TV97L_round_4_0010.rst7,-49.9777188,0.968914191221
../no_restraint_new_protocol//min_NoH_1_4_1_1_mut_E92MS93QE94TV97L_round_4_0014.rst7,-56.38866736,0.857119323107
../no_restraint_new_protocol//min_NoH_1_4_2_1_mut_E92MS93QE94TV97L_round_4_0006.rst7,-54.28305688,0.913118245852
../no_restraint_new_protocol//min_NoH_1_4_2_1_mut_E92MS93QE94TV97L_round_4_0009.rst7,-52.43323968,0.89178928446
../no_restraint_new_protocol//min_NoH_1_4_2_1_mut_E92MS93QE94TV97L_round_4_0011.rst7,-49.27818096,0.900478725083
../no_restraint_new_protocol//min_NoH_1_4_2_1_mut_E92MS93QE94TV97L_round_4_0021.rst7,-57.13680272,0.929711265009
../no_restraint_new_protocol//min_NoH_1_4_2_1_mut_E92MS93QE94TV97L_round_4_0025.rst7,-46.09606592,0.898486943234
../no_restraint_new_protocol//min_NoH_1_4_4_1_mut_E92MS93QE94TV97L_round_4_0005.rst7,-46.12796072,0.869373428464
../no_restraint_new_protocol//min_NoH_1_4_4_1_mut_E92MS93QE94TV97L_round_4_0008.rst7,-46.5800692,0.867452500659
../no_restraint_new_protocol//min_NoH_1_4_4_1_mut_E92MS93QE94TV97L_round_4_0013.rst7,-50.8803348,0.967744880269
../no_restraint_new_protocol//min_NoH_1_4_5_1_mut_E92MS93QE94TV97L_round_4_0004.rst7,-54.26447432,0.954414679094
../no_restraint_new_protocol//min_NoH_1_4_5_1_mut_E92MS93QE94TV97L_round_4_0008.rst7,-43.0619916,0.931969858096
../no_restraint_new_protocol//min_NoH_1_4_5_1_mut_E92MS93QE94TV97L_round_4_0021.rst7,-46.8911528,0.893488620055
../no_restraint_new_protocol//min_NoH_1_4_5_1_mut_E92MS93QE94TV97L_round_4_0022.rst7,-48.55871896,0.954440672039
../no_restraint_new_protocol//min_NoH_1_4_6_1_mut_E92MS93QE94TV97L_round_4_0024.rst7,-51.15458248,0.919161099413
../no_restraint_new_protocol//min_NoH_1_4_6_1_mut_E92MS93QE94TV97L_round_4_0025.rst7,-51.523208,0.882800601164
../no_restraint_new_protocol//min_NoH_1_4_7_1_mut_E92MS93QE94TV97L_round_4_0009.rst7,-55.62464144,0.879302607812
../no_restraint_new_protocol//min_NoH_3_2_1_3_mut_E92MS93QE94TV97L_round_2_0007.rst7,-45.94789976,0.87746655852
../no_restraint_new_protocol//min_NoH_3_2_1_3_mut_E92MS93QE94TV97L_round_2_0016.rst7,-47.7403312,0.85101023227
../no_restraint_new_protocol//min_NoH_3_2_1_3_mut_E92MS93QE94TV97L_round_2_0021.rst7,-52.26058272,0.839632824691
../no_restraint_new_protocol//min_NoH_3_2_1_3_mut_E92MS93QE94TV97L_round_2_0022.rst7,-53.3268224,0.861777119559
../no_restraint_new_protocol//min_NoH_3_2_2_3_mut_E92MS93QE94TV97L_round_2_0025.rst7,-56.05616944,0.843267188661
../no_restraint_new_protocol//min_NoH_3_2_4_3_mut_E92MS93QE94TV97L_round_2_0010.rst7,-45.84600328,0.865726761364
../no_restraint_new_protocol//min_NoH_3_2_4_3_mut_E92MS93QE94TV97L_round_2_0014.rst7,-55.07272408,0.881538795903
../no_restraint_new_protocol//min_NoH_3_2_4_3_mut_E92MS93QE94TV97L_round_2_0024.rst7,-54.65369712,0.86122557228
../no_restraint_new_protocol//min_NoH_3_2_6_3_mut_E92MS93QE94TV97L_round_2_0014.rst7,-46.1892232,0.91957758806
../no_restraint_new_protocol//min_NoH_3_2_6_3_mut_E92MS93QE94TV97L_round_2_0015.rst7,-51.26996344,0.887518763587
../no_restraint_new_protocol//min_NoH_3_2_7_3_mut_E92MS93QE94TV97L_round_2_0018.rst7,-49.62760288,0.89982318371
../no_restraint_new_protocol//min_NoH_3_2_8_3_mut_E92MS93QE94TV97L_round_2_0011.rst7,-50.49454408,0.907567299425
../no_restraint_new_protocol//min_NoH_3_2_8_3_mut_E92MS93QE94TV97L_round_2_0024.rst7,-49.79931648,0.974919909568