../no_restraint_new_protocol//min_NoH_10_1_1_10_mut_E92NS93KE94VS95TK96DV97L_round_1_0011.rst7,-45.80064912
../no_restraint_new_protocol//min_NoH_10_1_1_10_mut_E92NS93KE94VS95TK96DV97L_round_1_0012.rst7,-46.33551072
../no_restraint_new_protocol//min_NoH_10_1_1_10_mut_E92NS93KE94VS95TK96DV97L_round_1_0013.rst7,-47.2081612
../no_restraint_new_protocol//min_NoH_10_1_2_10_mut_E92NS93KE94VS95TK96DV97L_round_1_0018.rst7,-46.66615824
../no_restraint_new_protocol//min_NoH_10_1_3_10_mut_E92NS93KE94VS95TK96DV97L_round_1_0007.rst7,-45.33462048
../no_restraint_new_protocol//min_NoH_10_1_3_10_mut_E92NS93KE94VS95TK96DV97L_round_1_0016.rst7,-47.35590168
../no_restraint_new_protocol//min_NoH_10_1_3_10_mut_E92NS93KE94VS95TK96DV97L_round_1_0025.rst7,-46.84537672
../no_restraint_new_protocol//min_NoH_10_1_4_10_mut_E92NS93KE94VS95TK96DV97L_round_1_0012.rst7,-44.91194808
../no_restraint_new_protocol//min_NoH_10_1_4_10_mut_E92NS93KE94VS95TK96DV97L_round_1_0025.rst7,-48.0856564
../no_restraint_new_protocol//min_NoH_10_1_5_10_mut_E92NS93KE94VS95TK96DV97L_round_1_0007.rst7,-46.54500128
../no_restraint_new_protocol//min_NoH_10_1_5_10_mut_E92NS93KE94VS95TK96DV97L_round_1_0024.rst7,-47.18565288
../no_restraint_new_protocol//min_NoH_10_1_7_10_mut_E92NS93KE94VS95TK96DV97L_round_1_0009.rst7,-46.20775232
../no_restraint_new_protocol//min_NoH_10_1_7_10_mut_E92NS93KE94VS95TK96DV97L_round_1_0015.rst7,-47.35719712
../no_restraint_new_protocol//min_NoH_10_1_7_10_mut_E92NS93KE94VS95TK96DV97L_round_1_0023.rst7,-45.97551144
../no_restraint_new_protocol//min_NoH_10_1_7_10_mut_E92NS93KE94VS95TK96DV97L_round_1_0024.rst7,-46.61416496
../no_restraint_new_protocol//min_NoH_10_1_8_10_mut_E92NS93KE94VS95TK96DV97L_round_1_0003.rst7,-47.68922712
../no_restraint_new_protocol//min_NoH_10_1_8_10_mut_E92NS93KE94VS95TK96DV97L_round_1_0011.rst7,-46.77807248
../no_restraint_new_protocol//min_NoH_1_5_1_1_mut_E92NS93KE94VS95TK96DV97L_round_5_0006.rst7,-49.16957328
../no_restraint_new_protocol//min_NoH_1_5_2_1_mut_E92NS93KE94VS95TK96DV97L_round_5_0006.rst7,-46.36365144
../no_restraint_new_protocol//min_NoH_1_5_2_1_mut_E92NS93KE94VS95TK96DV97L_round_5_0008.rst7,-46.30449768
../no_restraint_new_protocol//min_NoH_1_5_2_1_mut_E92NS93KE94VS95TK96DV97L_round_5_0017.rst7,-55.84701304
../no_restraint_new_protocol//min_NoH_1_5_2_1_mut_E92NS93KE94VS95TK96DV97L_round_5_0023.rst7,-47.31240664
../no_restraint_new_protocol//min_NoH_1_5_3_1_mut_E92NS93KE94VS95TK96DV97L_round_5_0013.rst7,-45.69100424
../no_restraint_new_protocol//min_NoH_1_5_3_1_mut_E92NS93KE94VS95TK96DV97L_round_5_0020.rst7,-45.68123272
../no_restraint_new_protocol//min_NoH_1_5_3_1_mut_E92NS93KE94VS95TK96DV97L_round_5_0024.rst7,-46.31392592
../no_restraint_new_protocol//min_NoH_1_5_4_1_mut_E92NS93KE94VS95TK96DV97L_round_5_0016.rst7,-47.147358
../no_restraint_new_protocol//min_NoH_1_5_5_1_mut_E92NS93KE94VS95TK96DV97L_round_5_0025.rst7,-46.7290952
../no_restraint_new_protocol//min_NoH_1_5_6_1_mut_E92NS93KE94VS95TK96DV97L_round_5_0001.rst7,-46.38738712
../no_restraint_new_protocol//min_NoH_1_5_6_1_mut_E92NS93KE94VS95TK96DV97L_round_5_0012.rst7,-47.15238624
../no_restraint_new_protocol//min_NoH_1_5_6_1_mut_E92NS93KE94VS95TK96DV97L_round_5_0019.rst7,-47.2560096
../no_restraint_new_protocol//min_NoH_1_5_7_1_mut_E92NS93KE94VS95TK96DV97L_round_5_0020.rst7,-46.01953552
../no_restraint_new_protocol//min_NoH_1_5_7_1_mut_E92NS93KE94VS95TK96DV97L_round_5_0022.rst7,-48.83649752
../no_restraint_new_protocol//min_NoH_1_5_7_1_mut_E92NS93KE94VS95TK96DV97L_round_5_0023.rst7,-46.96801112
../no_restraint_new_protocol//min_NoH_1_5_8_1_mut_E92NS93KE94VS95TK96DV97L_round_5_0025.rst7,-46.61057296
../no_restraint_new_protocol//min_NoH_2_1_1_2_mut_E92NS93KE94VS95TK96DV97L_round_1_0016.rst7,-47.1929132
../no_restraint_new_protocol//min_NoH_2_1_2_2_mut_E92NS93KE94VS95TK96DV97L_round_1_0005.rst7,-48.83867192
../no_restraint_new_protocol//min_NoH_2_1_2_2_mut_E92NS93KE94VS95TK96DV97L_round_1_0009.rst7,-46.35754408
../no_restraint_new_protocol//min_NoH_2_1_2_2_mut_E92NS93KE94VS95TK96DV97L_round_1_0011.rst7,-46.41686936
../no_restraint_new_protocol//min_NoH_2_1_3_2_mut_E92NS93KE94VS95TK96DV97L_round_1_0014.rst7,-46.67326864
../no_restraint_new_protocol//min_NoH_2_1_3_2_mut_E92NS93KE94VS95TK96DV97L_round_1_0022.rst7,-51.55156976
../no_restraint_new_protocol//min_NoH_2_1_4_2_mut_E92NS93KE94VS95TK96DV97L_round_1_0025.rst7,-49.29020912
../no_restraint_new_protocol//min_NoH_2_1_5_2_mut_E92NS93KE94VS95TK96DV97L_round_1_0003.rst7,-46.86870992
../no_restraint_new_protocol//min_NoH_2_1_5_2_mut_E92NS93KE94VS95TK96DV97L_round_1_0010.rst7,-46.08289912
../no_restraint_new_protocol//min_NoH_2_1_5_2_mut_E92NS93KE94VS95TK96DV97L_round_1_0018.rst7,-46.84348464
../no_restraint_new_protocol//min_NoH_2_1_5_2_mut_E92NS93KE94VS95TK96DV97L_round_1_0025.rst7,-46.64005392
../no_restraint_new_protocol//min_NoH_2_1_6_2_mut_E92NS93KE94VS95TK96DV97L_round_1_0025.rst7,-52.61620832
../no_restraint_new_protocol//min_NoH_2_1_7_2_mut_E92NS93KE94VS95TK96DV97L_round_1_0009.rst7,-48.86887304
../no_restraint_new_protocol//min_NoH_2_1_7_2_mut_E92NS93KE94VS95TK96DV97L_round_1_0020.rst7,-46.49414704
../no_restraint_new_protocol//min_NoH_2_1_7_2_mut_E92NS93KE94VS95TK96DV97L_round_1_0023.rst7,-46.42571624
../no_restraint_new_protocol//min_NoH_2_1_8_2_mut_E92NS93KE94VS95TK96DV97L_round_1_0020.rst7,-47.1713096