../no_restraint_new_protocol//min_NoH_1_1_1_1_mut_A93SS94LK97CV98F_round_1_0006.rst7,-45.075792
../no_restraint_new_protocol//min_NoH_1_1_1_1_mut_A93SS94LK97CV98F_round_1_0014.rst7,-44.37530576
../no_restraint_new_protocol//min_NoH_1_1_2_1_mut_A93SS94LK97CV98F_round_1_0005.rst7,-47.36140256
../no_restraint_new_protocol//min_NoH_1_1_2_1_mut_A93SS94LK97CV98F_round_1_0021.rst7,-45.05930256
../no_restraint_new_protocol//min_NoH_1_1_3_1_mut_A93SS94LK97CV98F_round_1_0003.rst7,-50.51548064
../no_restraint_new_protocol//min_NoH_1_1_3_1_mut_A93SS94LK97CV98F_round_1_0009.rst7,-44.17238824
../no_restraint_new_protocol//min_NoH_1_1_4_1_mut_A93SS94LK97CV98F_round_1_0002.rst7,-45.22206592
../no_restraint_new_protocol//min_NoH_1_1_4_1_mut_A93SS94LK97CV98F_round_1_0020.rst7,-45.0751908
../no_restraint_new_protocol//min_NoH_1_1_5_1_mut_A93SS94LK97CV98F_round_1_0015.rst7,-43.69413216
../no_restraint_new_protocol//min_NoH_1_1_6_1_mut_A93SS94LK97CV98F_round_1_0007.rst7,-45.05823752
../no_restraint_new_protocol//min_NoH_1_1_6_1_mut_A93SS94LK97CV98F_round_1_0011.rst7,-49.17687656
../no_restraint_new_protocol//min_NoH_1_1_6_1_mut_A93SS94LK97CV98F_round_1_0021.rst7,-49.29445544
../no_restraint_new_protocol//min_NoH_1_1_6_1_mut_A93SS94LK97CV98F_round_1_0023.rst7,-49.86988864
../no_restraint_new_protocol//min_NoH_1_1_7_1_mut_A93SS94LK97CV98F_round_1_0006.rst7,-49.94397096
../no_restraint_new_protocol//min_NoH_1_1_7_1_mut_A93SS94LK97CV98F_round_1_0017.rst7,-49.59001024
../no_restraint_new_protocol//min_NoH_1_1_7_1_mut_A93SS94LK97CV98F_round_1_0018.rst7,-44.20913728
../no_restraint_new_protocol//min_NoH_1_1_8_1_mut_A93SS94LK97CV98F_round_1_0021.rst7,-49.31348768
../no_restraint_new_protocol//min_NoH_2_5_1_2_mut_A93SS94LK97CV98F_round_5_0008.rst7,-51.04325224
../no_restraint_new_protocol//min_NoH_2_5_1_2_mut_A93SS94LK97CV98F_round_5_0023.rst7,-44.27417248
../no_restraint_new_protocol//min_NoH_2_5_1_2_mut_A93SS94LK97CV98F_round_5_0025.rst7,-47.18328872
../no_restraint_new_protocol//min_NoH_2_5_2_2_mut_A93SS94LK97CV98F_round_5_0013.rst7,-49.4574252
../no_restraint_new_protocol//min_NoH_2_5_2_2_mut_A93SS94LK97CV98F_round_5_0019.rst7,-50.974706
../no_restraint_new_protocol//min_NoH_2_5_3_2_mut_A93SS94LK97CV98F_round_5_0011.rst7,-50.37903096
../no_restraint_new_protocol//min_NoH_2_5_4_2_mut_A93SS94LK97CV98F_round_5_0014.rst7,-53.50366352
../no_restraint_new_protocol//min_NoH_2_5_4_2_mut_A93SS94LK97CV98F_round_5_0016.rst7,-50.05105256
../no_restraint_new_protocol//min_NoH_2_5_4_2_mut_A93SS94LK97CV98F_round_5_0021.rst7,-49.93298992
../no_restraint_new_protocol//min_NoH_2_5_4_2_mut_A93SS94LK97CV98F_round_5_0025.rst7,-53.5709328
../no_restraint_new_protocol//min_NoH_2_5_5_2_mut_A93SS94LK97CV98F_round_5_0003.rst7,-51.83224664
../no_restraint_new_protocol//min_NoH_2_5_5_2_mut_A93SS94LK97CV98F_round_5_0007.rst7,-45.62745064
../no_restraint_new_protocol//min_NoH_2_5_5_2_mut_A93SS94LK97CV98F_round_5_0014.rst7,-45.59338576
../no_restraint_new_protocol//min_NoH_2_5_5_2_mut_A93SS94LK97CV98F_round_5_0017.rst7,-46.15588664
../no_restraint_new_protocol//min_NoH_2_5_6_2_mut_A93SS94LK97CV98F_round_5_0008.rst7,-49.0351116
../no_restraint_new_protocol//min_NoH_2_5_7_2_mut_A93SS94LK97CV98F_round_5_0010.rst7,-46.28366808
../no_restraint_new_protocol//min_NoH_2_5_7_2_mut_A93SS94LK97CV98F_round_5_0023.rst7,-50.50222384
../no_restraint_new_protocol//min_NoH_2_5_8_2_mut_A93SS94LK97CV98F_round_5_0025.rst7,-45.43155576
../no_restraint_new_protocol//min_NoH_7_3_1_7_mut_A93SS94LK97CV98F_round_3_0022.rst7,-50.06832648
../no_restraint_new_protocol//min_NoH_7_3_2_7_mut_A93SS94LK97CV98F_round_3_0023.rst7,-49.06969632
../no_restraint_new_protocol//min_NoH_7_3_2_7_mut_A93SS94LK97CV98F_round_3_0025.rst7,-45.84531488
../no_restraint_new_protocol//min_NoH_7_3_3_7_mut_A93SS94LK97CV98F_round_3_0003.rst7,-47.12108176
../no_restraint_new_protocol//min_NoH_7_3_4_7_mut_A93SS94LK97CV98F_round_3_0004.rst7,-48.617282
../no_restraint_new_protocol//min_NoH_7_3_4_7_mut_A93SS94LK97CV98F_round_3_0008.rst7,-50.41716048
../no_restraint_new_protocol//min_NoH_7_3_4_7_mut_A93SS94LK97CV98F_round_3_0011.rst7,-48.9318964
../no_restraint_new_protocol//min_NoH_7_3_4_7_mut_A93SS94LK97CV98F_round_3_0021.rst7,-48.91364264
../no_restraint_new_protocol//min_NoH_7_3_5_7_mut_A93SS94LK97CV98F_round_3_0025.rst7,-53.69736488
../no_restraint_new_protocol//min_NoH_7_3_6_7_mut_A93SS94LK97CV98F_round_3_0002.rst7,-53.37628832
../no_restraint_new_protocol//min_NoH_7_3_6_7_mut_A93SS94LK97CV98F_round_3_0018.rst7,-48.35550064
../no_restraint_new_protocol//min_NoH_7_3_7_7_mut_A93SS94LK97CV98F_round_3_0004.rst7,-51.02533568
../no_restraint_new_protocol//min_NoH_7_3_7_7_mut_A93SS94LK97CV98F_round_3_0020.rst7,-43.36190352
../no_restraint_new_protocol//min_NoH_7_3_8_7_mut_A93SS94LK97CV98F_round_3_0017.rst7,-47.1659704
../no_restraint_new_protocol//min_NoH_7_3_8_7_mut_A93SS94LK97CV98F_round_3_0019.rst7,-54.20310848