../no_restraint_new_protocol//min_NoH_10_1_1_10_repacked_wt_round_1_0001.rst7,-45.5814716
../no_restraint_new_protocol//min_NoH_10_1_1_10_repacked_wt_round_1_0002.rst7,-48.64458672
../no_restraint_new_protocol//min_NoH_10_1_1_10_repacked_wt_round_1_0009.rst7,-49.06563864
../no_restraint_new_protocol//min_NoH_10_1_1_10_repacked_wt_round_1_0017.rst7,-49.2212536
../no_restraint_new_protocol//min_NoH_10_1_1_10_repacked_wt_round_1_0023.rst7,-49.55453088
../no_restraint_new_protocol//min_NoH_10_1_1_10_repacked_wt_round_1_0025.rst7,-52.56349016
../no_restraint_new_protocol//min_NoH_10_1_2_10_repacked_wt_round_1_0020.rst7,-45.53827888
../no_restraint_new_protocol//min_NoH_10_1_3_10_repacked_wt_round_1_0013.rst7,-41.53434136
../no_restraint_new_protocol//min_NoH_10_1_3_10_repacked_wt_round_1_0022.rst7,-51.31045192
../no_restraint_new_protocol//min_NoH_10_1_4_10_repacked_wt_round_1_0004.rst7,-49.84845904
../no_restraint_new_protocol//min_NoH_10_1_4_10_repacked_wt_round_1_0009.rst7,-45.47570344
../no_restraint_new_protocol//min_NoH_10_1_4_10_repacked_wt_round_1_0010.rst7,-51.30208648
../no_restraint_new_protocol//min_NoH_10_1_4_10_repacked_wt_round_1_0021.rst7,-45.0183024
../no_restraint_new_protocol//min_NoH_10_1_5_10_repacked_wt_round_1_0005.rst7,-50.58849216
../no_restraint_new_protocol//min_NoH_10_1_5_10_repacked_wt_round_1_0024.rst7,-48.88623952
../no_restraint_new_protocol//min_NoH_10_1_8_10_repacked_wt_round_1_0013.rst7,-44.69405456
../no_restraint_new_protocol//min_NoH_3_1_1_3_repacked_wt_round_1_0009.rst7,-49.30631
../no_restraint_new_protocol//min_NoH_3_1_1_3_repacked_wt_round_1_0024.rst7,-48.91143184
../no_restraint_new_protocol//min_NoH_3_1_2_3_repacked_wt_round_1_0012.rst7,-50.68369592
../no_restraint_new_protocol//min_NoH_3_1_2_3_repacked_wt_round_1_0020.rst7,-50.27972848
../no_restraint_new_protocol//min_NoH_3_1_3_3_repacked_wt_round_1_0002.rst7,-47.30373888
../no_restraint_new_protocol//min_NoH_3_1_3_3_repacked_wt_round_1_0023.rst7,-42.38479352
../no_restraint_new_protocol//min_NoH_3_1_4_3_repacked_wt_round_1_0006.rst7,-45.33649328
../no_restraint_new_protocol//min_NoH_3_1_5_3_repacked_wt_round_1_0018.rst7,-47.542636
../no_restraint_new_protocol//min_NoH_3_1_5_3_repacked_wt_round_1_0025.rst7,-47.0285832
../no_restraint_new_protocol//min_NoH_3_1_6_3_repacked_wt_round_1_0004.rst7,-47.03899456
../no_restraint_new_protocol//min_NoH_3_1_6_3_repacked_wt_round_1_0011.rst7,-45.93496792
../no_restraint_new_protocol//min_NoH_3_1_7_3_repacked_wt_round_1_0013.rst7,-54.92552784
../no_restraint_new_protocol//min_NoH_3_1_7_3_repacked_wt_round_1_0021.rst7,-49.07991688
../no_restraint_new_protocol//min_NoH_3_1_8_3_repacked_wt_round_1_0010.rst7,-50.8103064
../no_restraint_new_protocol//min_NoH_3_1_8_3_repacked_wt_round_1_0011.rst7,-52.07268448
../no_restraint_new_protocol//min_NoH_7_5_1_7_repacked_wt_round_5_0011.rst7,-49.95996072
../no_restraint_new_protocol//min_NoH_7_5_1_7_repacked_wt_round_5_0012.rst7,-44.0766604
../no_restraint_new_protocol//min_NoH_7_5_1_7_repacked_wt_round_5_0020.rst7,-50.87119952
../no_restraint_new_protocol//min_NoH_7_5_1_7_repacked_wt_round_5_0025.rst7,-51.36255544
../no_restraint_new_protocol//min_NoH_7_5_2_7_repacked_wt_round_5_0003.rst7,-49.97837152
../no_restraint_new_protocol//min_NoH_7_5_2_7_repacked_wt_round_5_0005.rst7,-42.78184968
../no_restraint_new_protocol//min_NoH_7_5_3_7_repacked_wt_round_5_0012.rst7,-49.76745552
../no_restraint_new_protocol//min_NoH_7_5_3_7_repacked_wt_round_5_0014.rst7,-48.33465648
../no_restraint_new_protocol//min_NoH_7_5_3_7_repacked_wt_round_5_0018.rst7,-48.5046164
../no_restraint_new_protocol//min_NoH_7_5_4_7_repacked_wt_round_5_0001.rst7,-48.52721856
../no_restraint_new_protocol//min_NoH_7_5_4_7_repacked_wt_round_5_0017.rst7,-50.60507216
../no_restraint_new_protocol//min_NoH_7_5_6_7_repacked_wt_round_5_0003.rst7,-49.92466288
../no_restraint_new_protocol//min_NoH_7_5_6_7_repacked_wt_round_5_0006.rst7,-52.3794368
../no_restraint_new_protocol//min_NoH_7_5_6_7_repacked_wt_round_5_0013.rst7,-49.52892648
../no_restraint_new_protocol//min_NoH_7_5_7_7_repacked_wt_round_5_0007.rst7,-48.78178992
../no_restraint_new_protocol//min_NoH_7_5_7_7_repacked_wt_round_5_0019.rst7,-48.55684928
../no_restraint_new_protocol//min_NoH_7_5_7_7_repacked_wt_round_5_0025.rst7,-51.02938264
../no_restraint_new_protocol//min_NoH_7_5_8_7_repacked_wt_round_5_0009.rst7,-45.70029408
../no_restraint_new_protocol//min_NoH_7_5_8_7_repacked_wt_round_5_0011.rst7,-48.317312