../no_restraint_new_protocol//min_NoH_1_1_1_1_mut_E92TS93NE94DK96PV97L_round_1_0010.rst7,-45.40281168,0.816365624237
../no_restraint_new_protocol//min_NoH_1_1_1_1_mut_E92TS93NE94DK96PV97L_round_1_0016.rst7,-47.06522128,0.931141919775
../no_restraint_new_protocol//min_NoH_1_1_1_1_mut_E92TS93NE94DK96PV97L_round_1_0025.rst7,-51.56920064,0.901412946455
../no_restraint_new_protocol//min_NoH_1_1_3_1_mut_E92TS93NE94DK96PV97L_round_1_0006.rst7,-47.27074824,0.880788200943
../no_restraint_new_protocol//min_NoH_1_1_3_1_mut_E92TS93NE94DK96PV97L_round_1_0015.rst7,-42.29660104,0.891547108065
../no_restraint_new_protocol//min_NoH_1_1_3_1_mut_E92TS93NE94DK96PV97L_round_1_0017.rst7,-47.11520152,0.938240309668
../no_restraint_new_protocol//min_NoH_1_1_4_1_mut_E92TS93NE94DK96PV97L_round_1_0004.rst7,-45.81722304,0.951682510334
../no_restraint_new_protocol//min_NoH_1_1_4_1_mut_E92TS93NE94DK96PV97L_round_1_0006.rst7,-48.75930768,0.945156234314
../no_restraint_new_protocol//min_NoH_1_1_4_1_mut_E92TS93NE94DK96PV97L_round_1_0008.rst7,-42.066408,0.869488311105
../no_restraint_new_protocol//min_NoH_1_1_5_1_mut_E92TS93NE94DK96PV97L_round_1_0012.rst7,-50.95192232,1.009692963
../no_restraint_new_protocol//min_NoH_1_1_5_1_mut_E92TS93NE94DK96PV97L_round_1_0020.rst7,-54.69567368,0.962583289209
../no_restraint_new_protocol//min_NoH_1_1_6_1_mut_E92TS93NE94DK96PV97L_round_1_0015.rst7,-42.23294248,0.880007647437
../no_restraint_new_protocol//min_NoH_1_1_6_1_mut_E92TS93NE94DK96PV97L_round_1_0020.rst7,-48.83243536,0.960168723294
../no_restraint_new_protocol//min_NoH_1_1_7_1_mut_E92TS93NE94DK96PV97L_round_1_0006.rst7,-54.74499144,0.896734209549
../no_restraint_new_protocol//min_NoH_1_1_7_1_mut_E92TS93NE94DK96PV97L_round_1_0013.rst7,-47.62625416,0.996547516875
../no_restraint_new_protocol//min_NoH_1_1_8_1_mut_E92TS93NE94DK96PV97L_round_1_0008.rst7,-47.1103128,0.942449161761
../no_restraint_new_protocol//min_NoH_1_1_8_1_mut_E92TS93NE94DK96PV97L_round_1_0010.rst7,-50.61295336,0.896792822945
../no_restraint_new_protocol//min_NoH_2_1_1_2_mut_E92TS93NE94DK96PV97L_round_1_0017.rst7,-48.4368916,0.921422844442
../no_restraint_new_protocol//min_NoH_2_1_1_2_mut_E92TS93NE94DK96PV97L_round_1_0022.rst7,-50.42582744,0.872247969008
../no_restraint_new_protocol//min_NoH_2_1_2_2_mut_E92TS93NE94DK96PV97L_round_1_0006.rst7,-51.03001944,0.932659207752
../no_restraint_new_protocol//min_NoH_2_1_2_2_mut_E92TS93NE94DK96PV97L_round_1_0011.rst7,-43.92052344,0.907716829747
../no_restraint_new_protocol//min_NoH_2_1_3_2_mut_E92TS93NE94DK96PV97L_round_1_0002.rst7,-44.378322,0.966385597607
../no_restraint_new_protocol//min_NoH_2_1_3_2_mut_E92TS93NE94DK96PV97L_round_1_0012.rst7,-46.39565488,0.860255625716
../no_restraint_new_protocol//min_NoH_2_1_3_2_mut_E92TS93NE94DK96PV97L_round_1_0021.rst7,-41.82394856,0.907159597662
../no_restraint_new_protocol//min_NoH_2_1_4_2_mut_E92TS93NE94DK96PV97L_round_1_0023.rst7,-50.65520056,0.949817665812
../no_restraint_new_protocol//min_NoH_2_1_5_2_mut_E92TS93NE94DK96PV97L_round_1_0008.rst7,-42.01883008,0.843946793381
../no_restraint_new_protocol//min_NoH_2_1_5_2_mut_E92TS93NE94DK96PV97L_round_1_0009.rst7,-47.21470936,0.94627980194
../no_restraint_new_protocol//min_NoH_2_1_5_2_mut_E92TS93NE94DK96PV97L_round_1_0014.rst7,-50.72205536,0.933111953019
../no_restraint_new_protocol//min_NoH_2_1_6_2_mut_E92TS93NE94DK96PV97L_round_1_0002.rst7,-50.6512328,0.920917154765
../no_restraint_new_protocol//min_NoH_2_1_6_2_mut_E92TS93NE94DK96PV97L_round_1_0003.rst7,-47.57484032,0.926802231657
../no_restraint_new_protocol//min_NoH_2_1_6_2_mut_E92TS93NE94DK96PV97L_round_1_0006.rst7,-50.41094024,0.880972816301
../no_restraint_new_protocol//min_NoH_2_1_7_2_mut_E92TS93NE94DK96PV97L_round_1_0002.rst7,-50.63951408,0.934106869784
../no_restraint_new_protocol//min_NoH_2_1_7_2_mut_E92TS93NE94DK96PV97L_round_1_0008.rst7,-57.6111444,0.881760732009
../no_restraint_new_protocol//min_NoH_2_1_7_2_mut_E92TS93NE94DK96PV97L_round_1_0014.rst7,-47.56875112,0.989279694899
../no_restraint_new_protocol//min_NoH_2_5_1_2_mut_E92TS93NE94DK96PV97L_round_5_0008.rst7,-55.39034072,0.918277133163
../no_restraint_new_protocol//min_NoH_2_5_1_2_mut_E92TS93NE94DK96PV97L_round_5_0022.rst7,-48.76989352,0.893860379286
../no_restraint_new_protocol//min_NoH_2_5_2_2_mut_E92TS93NE94DK96PV97L_round_5_0010.rst7,-42.28501496,0.894161724491
../no_restraint_new_protocol//min_NoH_2_5_2_2_mut_E92TS93NE94DK96PV97L_round_5_0013.rst7,-42.86555512,1.0225979046
../no_restraint_new_protocol//min_NoH_2_5_2_2_mut_E92TS93NE94DK96PV97L_round_5_0017.rst7,-50.51202504,0.906979307501
../no_restraint_new_protocol//min_NoH_2_5_3_2_mut_E92TS93NE94DK96PV97L_round_5_0009.rst7,-52.26230888,0.877797071138
../no_restraint_new_protocol//min_NoH_2_5_3_2_mut_E92TS93NE94DK96PV97L_round_5_0013.rst7,-42.33215176,0.901484642848
../no_restraint_new_protocol//min_NoH_2_5_3_2_mut_E92TS93NE94DK96PV97L_round_5_0024.rst7,-39.44674904,0.887030055101
../no_restraint_new_protocol//min_NoH_2_5_5_2_mut_E92TS93NE94DK96PV97L_round_5_0005.rst7,-47.01959176,0.977405601748
../no_restraint_new_protocol//min_NoH_2_5_5_2_mut_E92TS93NE94DK96PV97L_round_5_0023.rst7,-54.62936952,0.888583545789
../no_restraint_new_protocol//min_NoH_2_5_6_2_mut_E92TS93NE94DK96PV97L_round_5_0002.rst7,-42.183636,0.894737215418
../no_restraint_new_protocol//min_NoH_2_5_6_2_mut_E92TS93NE94DK96PV97L_round_5_0013.rst7,-44.99253456,0.908978920647
../no_restraint_new_protocol//min_NoH_2_5_7_2_mut_E92TS93NE94DK96PV97L_round_5_0006.rst7,-50.5157928,0.869970498765
../no_restraint_new_protocol//min_NoH_2_5_7_2_mut_E92TS93NE94DK96PV97L_round_5_0018.rst7,-42.89731616,0.89719934581
../no_restraint_new_protocol//min_NoH_2_5_8_2_mut_E92TS93NE94DK96PV97L_round_5_0003.rst7,-43.04514504,0.911245440102
../no_restraint_new_protocol//min_NoH_2_5_8_2_mut_E92TS93NE94DK96PV97L_round_5_0021.rst7,-47.0982128,0.942935604134