../no_restraint_new_protocol//min_NoH_7_4_10_7_mut_H185SL186IT188AT189DF190V_round_4_0018.rst7,-86.16961384,1.91930564914
../no_restraint_new_protocol//min_NoH_7_4_2_7_mut_H185SL186IT188AT189DF190V_round_4_0017.rst7,-79.92137696,1.84552559736
../no_restraint_new_protocol//min_NoH_7_4_3_7_mut_H185SL186IT188AT189DF190V_round_4_0006.rst7,-83.51237784,1.17455791118
../no_restraint_new_protocol//min_NoH_7_4_3_7_mut_H185SL186IT188AT189DF190V_round_4_0010.rst7,-76.2972384,1.32653523924
../no_restraint_new_protocol//min_NoH_7_4_3_7_mut_H185SL186IT188AT189DF190V_round_4_0019.rst7,-86.232934,1.82538214825
../no_restraint_new_protocol//min_NoH_7_4_5_7_mut_H185SL186IT188AT189DF190V_round_4_0002.rst7,-84.5829052,1.06722806195
../no_restraint_new_protocol//min_NoH_7_4_5_7_mut_H185SL186IT188AT189DF190V_round_4_0004.rst7,-42.61222088,2.10100447364
../no_restraint_new_protocol//min_NoH_7_4_8_7_mut_H185SL186IT188AT189DF190V_round_4_0018.rst7,-88.80475024,1.91161934471
../no_restraint_new_protocol//min_NoH_7_4_9_7_mut_H185SL186IT188AT189DF190V_round_4_0018.rst7,-83.17750384,1.75660553749
../no_restraint_new_protocol//min_NoH_7_4_9_7_mut_H185SL186IT188AT189DF190V_round_4_0020.rst7,-91.1421212,1.87518030609
../no_restraint_new_protocol//min_NoH_8_1_10_8_mut_H185SL186IT188AT189DF190V_round_1_0001.rst7,-82.6291416,1.31156093122
../no_restraint_new_protocol//min_NoH_8_1_10_8_mut_H185SL186IT188AT189DF190V_round_1_0015.rst7,-95.75809592,0.859953171488
../no_restraint_new_protocol//min_NoH_8_1_10_8_mut_H185SL186IT188AT189DF190V_round_1_0019.rst7,-85.66414936,1.80182883116
../no_restraint_new_protocol//min_NoH_8_1_1_8_mut_H185SL186IT188AT189DF190V_round_1_0004.rst7,-81.58516864,1.12337303447
../no_restraint_new_protocol//min_NoH_8_1_1_8_mut_H185SL186IT188AT189DF190V_round_1_0012.rst7,-73.03102304,0.990701318346
../no_restraint_new_protocol//min_NoH_8_1_2_8_mut_H185SL186IT188AT189DF190V_round_1_0014.rst7,-86.03118328,1.09070988168
../no_restraint_new_protocol//min_NoH_8_1_3_8_mut_H185SL186IT188AT189DF190V_round_1_0005.rst7,-91.70301976,1.00375279997
../no_restraint_new_protocol//min_NoH_8_1_3_8_mut_H185SL186IT188AT189DF190V_round_1_0011.rst7,-85.74654672,1.13771016232
../no_restraint_new_protocol//min_NoH_8_1_3_8_mut_H185SL186IT188AT189DF190V_round_1_0017.rst7,-37.06044776,1.57869683645
../no_restraint_new_protocol//min_NoH_8_1_4_8_mut_H185SL186IT188AT189DF190V_round_1_0002.rst7,-87.58157352,0.967201321916
../no_restraint_new_protocol//min_NoH_8_1_5_8_mut_H185SL186IT188AT189DF190V_round_1_0006.rst7,-71.5837836,1.63519996656
../no_restraint_new_protocol//min_NoH_8_1_5_8_mut_H185SL186IT188AT189DF190V_round_1_0008.rst7,-92.10972056,0.854047846502
../no_restraint_new_protocol//min_NoH_8_1_6_8_mut_H185SL186IT188AT189DF190V_round_1_0002.rst7,-92.8843316,1.18513580895
../no_restraint_new_protocol//min_NoH_8_1_6_8_mut_H185SL186IT188AT189DF190V_round_1_0012.rst7,-80.69495728,0.895827267926
../no_restraint_new_protocol//min_NoH_8_1_6_8_mut_H185SL186IT188AT189DF190V_round_1_0017.rst7,-80.98502032,1.03225255975
../no_restraint_new_protocol//min_NoH_8_1_7_8_mut_H185SL186IT188AT189DF190V_round_1_0003.rst7,-50.04872184,1.61381027608
../no_restraint_new_protocol//min_NoH_8_1_7_8_mut_H185SL186IT188AT189DF190V_round_1_0006.rst7,-72.58718328,0.963011178801
../no_restraint_new_protocol//min_NoH_8_1_7_8_mut_H185SL186IT188AT189DF190V_round_1_0012.rst7,-65.94105832,1.05572348458
../no_restraint_new_protocol//min_NoH_8_1_8_8_mut_H185SL186IT188AT189DF190V_round_1_0018.rst7,-92.33349208,1.19912181489
../no_restraint_new_protocol//min_NoH_8_1_9_8_mut_H185SL186IT188AT189DF190V_round_1_0013.rst7,-74.44142288,1.60346870191
../no_restraint_new_protocol//min_NoH_8_1_9_8_mut_H185SL186IT188AT189DF190V_round_1_0015.rst7,-77.4190752,1.24213508616
../no_restraint_new_protocol//min_NoH_8_1_9_8_mut_H185SL186IT188AT189DF190V_round_1_0016.rst7,-86.13764568,0.907905219856
../no_restraint_new_protocol//min_NoH_8_1_9_8_mut_H185SL186IT188AT189DF190V_round_1_0020.rst7,-76.40347592,1.32776720538
../no_restraint_new_protocol//min_NoH_8_2_10_8_mut_H185SL186IT188AT189DF190V_round_2_0002.rst7,-75.02771504,0.953828098149
../no_restraint_new_protocol//min_NoH_8_2_1_8_mut_H185SL186IT188AT189DF190V_round_2_0006.rst7,-89.70154992,1.08991701206
../no_restraint_new_protocol//min_NoH_8_2_2_8_mut_H185SL186IT188AT189DF190V_round_2_0003.rst7,-71.08967024,1.90121335091
../no_restraint_new_protocol//min_NoH_8_2_2_8_mut_H185SL186IT188AT189DF190V_round_2_0005.rst7,-81.15132096,1.26686566445
../no_restraint_new_protocol//min_NoH_8_2_3_8_mut_H185SL186IT188AT189DF190V_round_2_0006.rst7,-77.87327856,1.28332507799
../no_restraint_new_protocol//min_NoH_8_2_3_8_mut_H185SL186IT188AT189DF190V_round_2_0010.rst7,-72.23818904,1.50796187931
../no_restraint_new_protocol//min_NoH_8_2_3_8_mut_H185SL186IT188AT189DF190V_round_2_0013.rst7,-85.86226056,1.86261975341
../no_restraint_new_protocol//min_NoH_8_2_4_8_mut_H185SL186IT188AT189DF190V_round_2_0005.rst7,-79.18623104,1.71827598378
../no_restraint_new_protocol//min_NoH_8_2_4_8_mut_H185SL186IT188AT189DF190V_round_2_0017.rst7,-92.88312624,0.784010833527
../no_restraint_new_protocol//min_NoH_8_2_5_8_mut_H185SL186IT188AT189DF190V_round_2_0002.rst7,-71.60697976,1.51242264493
../no_restraint_new_protocol//min_NoH_8_2_5_8_mut_H185SL186IT188AT189DF190V_round_2_0006.rst7,-90.77034168,1.09407272973
../no_restraint_new_protocol//min_NoH_8_2_5_8_mut_H185SL186IT188AT189DF190V_round_2_0012.rst7,-77.20091352,0.916720499595
../no_restraint_new_protocol//min_NoH_8_2_5_8_mut_H185SL186IT188AT189DF190V_round_2_0016.rst7,-80.70195448,1.68207051969
../no_restraint_new_protocol//min_NoH_8_2_6_8_mut_H185SL186IT188AT189DF190V_round_2_0008.rst7,-76.58729624,1.58944852896
../no_restraint_new_protocol//min_NoH_8_2_7_8_mut_H185SL186IT188AT189DF190V_round_2_0016.rst7,-82.14312456,1.09285717635
../no_restraint_new_protocol//min_NoH_8_2_8_8_mut_H185SL186IT188AT189DF190V_round_2_0009.rst7,-67.82924176,0.97735504136
../no_restraint_new_protocol//min_NoH_8_2_9_8_mut_H185SL186IT188AT189DF190V_round_2_0020.rst7,-71.71945928,1.37247410412