../no_restraint_new_protocol//min_NoH_10_5_10_10_mut_H185SL186IT188ST189DF190V_round_5_0013.rst7,-84.22462264,0.943648027701
../no_restraint_new_protocol//min_NoH_10_5_2_10_mut_H185SL186IT188ST189DF190V_round_5_0020.rst7,-84.79517976,1.33301227451
../no_restraint_new_protocol//min_NoH_10_5_3_10_mut_H185SL186IT188ST189DF190V_round_5_0015.rst7,-80.77299304,1.73581610086
../no_restraint_new_protocol//min_NoH_10_5_4_10_mut_H185SL186IT188ST189DF190V_round_5_0008.rst7,-80.3577936,1.68930426215
../no_restraint_new_protocol//min_NoH_10_5_4_10_mut_H185SL186IT188ST189DF190V_round_5_0017.rst7,-92.58631456,1.88212823085
../no_restraint_new_protocol//min_NoH_10_5_4_10_mut_H185SL186IT188ST189DF190V_round_5_0020.rst7,-88.1825356,1.34356621699
../no_restraint_new_protocol//min_NoH_10_5_5_10_mut_H185SL186IT188ST189DF190V_round_5_0004.rst7,-91.41286104,1.40981598114
../no_restraint_new_protocol//min_NoH_10_5_5_10_mut_H185SL186IT188ST189DF190V_round_5_0007.rst7,-76.36385832,1.14015159417
../no_restraint_new_protocol//min_NoH_10_5_6_10_mut_H185SL186IT188ST189DF190V_round_5_0010.rst7,-109.46629912,0.875317193347
../no_restraint_new_protocol//min_NoH_10_5_7_10_mut_H185SL186IT188ST189DF190V_round_5_0008.rst7,-84.0565108,1.39327087075
../no_restraint_new_protocol//min_NoH_10_5_7_10_mut_H185SL186IT188ST189DF190V_round_5_0011.rst7,-78.72411168,2.08709952461
../no_restraint_new_protocol//min_NoH_10_5_7_10_mut_H185SL186IT188ST189DF190V_round_5_0015.rst7,-67.44699512,0.953721806307
../no_restraint_new_protocol//min_NoH_10_5_7_10_mut_H185SL186IT188ST189DF190V_round_5_0019.rst7,-78.15918432,1.48162942615
../no_restraint_new_protocol//min_NoH_10_5_9_10_mut_H185SL186IT188ST189DF190V_round_5_0007.rst7,-97.9018864,0.84019819916
../no_restraint_new_protocol//min_NoH_10_5_9_10_mut_H185SL186IT188ST189DF190V_round_5_0011.rst7,-80.0015484,1.29272795973
../no_restraint_new_protocol//min_NoH_10_5_9_10_mut_H185SL186IT188ST189DF190V_round_5_0017.rst7,-81.21425288,1.49713830774
../no_restraint_new_protocol//min_NoH_5_2_10_5_mut_H185SL186IT188ST189DF190V_round_2_0011.rst7,-79.01783192,1.85018531444
../no_restraint_new_protocol//min_NoH_5_2_10_5_mut_H185SL186IT188ST189DF190V_round_2_0019.rst7,-66.52384536,1.5353020697
../no_restraint_new_protocol//min_NoH_5_2_2_5_mut_H185SL186IT188ST189DF190V_round_2_0015.rst7,-72.18359184,1.20786149982
../no_restraint_new_protocol//min_NoH_5_2_2_5_mut_H185SL186IT188ST189DF190V_round_2_0017.rst7,-77.56924136,1.31515061889
../no_restraint_new_protocol//min_NoH_5_2_3_5_mut_H185SL186IT188ST189DF190V_round_2_0006.rst7,-88.8290032,1.81938312037
../no_restraint_new_protocol//min_NoH_5_2_3_5_mut_H185SL186IT188ST189DF190V_round_2_0007.rst7,-77.63448056,2.0204398126
../no_restraint_new_protocol//min_NoH_5_2_4_5_mut_H185SL186IT188ST189DF190V_round_2_0007.rst7,-99.38935928,1.20801016124
../no_restraint_new_protocol//min_NoH_5_2_4_5_mut_H185SL186IT188ST189DF190V_round_2_0017.rst7,-102.66143472,0.903579449156
../no_restraint_new_protocol//min_NoH_5_2_5_5_mut_H185SL186IT188ST189DF190V_round_2_0009.rst7,-76.33188328,0.886719074932
../no_restraint_new_protocol//min_NoH_5_2_7_5_mut_H185SL186IT188ST189DF190V_round_2_0009.rst7,-86.02172224,1.76041063351
../no_restraint_new_protocol//min_NoH_5_2_8_5_mut_H185SL186IT188ST189DF190V_round_2_0001.rst7,-84.35742024,1.03440718731
../no_restraint_new_protocol//min_NoH_5_2_8_5_mut_H185SL186IT188ST189DF190V_round_2_0007.rst7,-86.7982352,0.931458798632
../no_restraint_new_protocol//min_NoH_5_2_8_5_mut_H185SL186IT188ST189DF190V_round_2_0014.rst7,-91.08475008,1.67556270289
../no_restraint_new_protocol//min_NoH_8_5_10_8_mut_H185SL186IT188ST189DF190V_round_5_0010.rst7,-92.643218,1.85698276017
../no_restraint_new_protocol//min_NoH_8_5_10_8_mut_H185SL186IT188ST189DF190V_round_5_0011.rst7,-90.36213712,1.06273388184
../no_restraint_new_protocol//min_NoH_8_5_1_8_mut_H185SL186IT188ST189DF190V_round_5_0002.rst7,-82.70179544,1.89208141901
../no_restraint_new_protocol//min_NoH_8_5_1_8_mut_H185SL186IT188ST189DF190V_round_5_0020.rst7,-80.63723848,1.35151555665
../no_restraint_new_protocol//min_NoH_8_5_2_8_mut_H185SL186IT188ST189DF190V_round_5_0006.rst7,-85.44724888,1.08450950972
../no_restraint_new_protocol//min_NoH_8_5_2_8_mut_H185SL186IT188ST189DF190V_round_5_0017.rst7,-97.2276148,0.951297326334
../no_restraint_new_protocol//min_NoH_8_5_3_8_mut_H185SL186IT188ST189DF190V_round_5_0004.rst7,-88.93632128,1.13593356438
../no_restraint_new_protocol//min_NoH_8_5_3_8_mut_H185SL186IT188ST189DF190V_round_5_0013.rst7,-74.07240304,0.998378955557
../no_restraint_new_protocol//min_NoH_8_5_3_8_mut_H185SL186IT188ST189DF190V_round_5_0019.rst7,-81.36537904,1.73841428676
../no_restraint_new_protocol//min_NoH_8_5_4_8_mut_H185SL186IT188ST189DF190V_round_5_0015.rst7,-88.95860488,1.73732635956
../no_restraint_new_protocol//min_NoH_8_5_4_8_mut_H185SL186IT188ST189DF190V_round_5_0019.rst7,-83.55636152,1.47487215854
../no_restraint_new_protocol//min_NoH_8_5_5_8_mut_H185SL186IT188ST189DF190V_round_5_0008.rst7,-98.18009904,0.885369291601
../no_restraint_new_protocol//min_NoH_8_5_6_8_mut_H185SL186IT188ST189DF190V_round_5_0008.rst7,-84.01130752,1.67364214438
../no_restraint_new_protocol//min_NoH_8_5_6_8_mut_H185SL186IT188ST189DF190V_round_5_0012.rst7,-81.55831144,1.45697394484
../no_restraint_new_protocol//min_NoH_8_5_7_8_mut_H185SL186IT188ST189DF190V_round_5_0003.rst7,-73.03658712,1.82138833719
../no_restraint_new_protocol//min_NoH_8_5_7_8_mut_H185SL186IT188ST189DF190V_round_5_0008.rst7,-81.1626076,1.75552939584
../no_restraint_new_protocol//min_NoH_8_5_7_8_mut_H185SL186IT188ST189DF190V_round_5_0018.rst7,-89.80034984,1.00621155788
../no_restraint_new_protocol//min_NoH_8_5_8_8_mut_H185SL186IT188ST189DF190V_round_5_0004.rst7,-84.16603448,1.18285096388
../no_restraint_new_protocol//min_NoH_8_5_8_8_mut_H185SL186IT188ST189DF190V_round_5_0010.rst7,-81.0740004,1.5064419635
../no_restraint_new_protocol//min_NoH_8_5_8_8_mut_H185SL186IT188ST189DF190V_round_5_0014.rst7,-77.39792376,0.983810823199
../no_restraint_new_protocol//min_NoH_8_5_9_8_mut_H185SL186IT188ST189DF190V_round_5_0010.rst7,-80.02786976,0.968980753179