../no_restraint_new_protocol//min_NoH_10_3_10_10_mut_H185SL186IT188MT189DF190V_round_3_0007.rst7,-87.99839784,1.25933764299
../no_restraint_new_protocol//min_NoH_10_3_10_10_mut_H185SL186IT188MT189DF190V_round_3_0008.rst7,-100.96396456,0.950983674306
../no_restraint_new_protocol//min_NoH_10_3_2_10_mut_H185SL186IT188MT189DF190V_round_3_0011.rst7,-80.20989712,1.91019708732
../no_restraint_new_protocol//min_NoH_10_3_3_10_mut_H185SL186IT188MT189DF190V_round_3_0002.rst7,-83.84902624,2.01468681201
../no_restraint_new_protocol//min_NoH_10_3_3_10_mut_H185SL186IT188MT189DF190V_round_3_0008.rst7,-87.10449208,1.84277652415
../no_restraint_new_protocol//min_NoH_10_3_4_10_mut_H185SL186IT188MT189DF190V_round_3_0009.rst7,-79.11550128,1.59031887585
../no_restraint_new_protocol//min_NoH_10_3_4_10_mut_H185SL186IT188MT189DF190V_round_3_0012.rst7,-107.4199552,1.03549953257
../no_restraint_new_protocol//min_NoH_10_3_7_10_mut_H185SL186IT188MT189DF190V_round_3_0004.rst7,-93.51059888,0.855080913104
../no_restraint_new_protocol//min_NoH_10_3_7_10_mut_H185SL186IT188MT189DF190V_round_3_0019.rst7,-85.71573848,0.964202966807
../no_restraint_new_protocol//min_NoH_10_3_9_10_mut_H185SL186IT188MT189DF190V_round_3_0011.rst7,-77.85620552,1.7303595177
../no_restraint_new_protocol//min_NoH_3_4_1_3_mut_H185SL186IT188MT189DF190V_round_4_0001.rst7,-76.07504544,1.30709389227
../no_restraint_new_protocol//min_NoH_3_4_1_3_mut_H185SL186IT188MT189DF190V_round_4_0007.rst7,-86.6919052,1.90996368687
../no_restraint_new_protocol//min_NoH_3_4_1_3_mut_H185SL186IT188MT189DF190V_round_4_0008.rst7,-90.03406152,1.18296942107
../no_restraint_new_protocol//min_NoH_3_4_1_3_mut_H185SL186IT188MT189DF190V_round_4_0012.rst7,-81.98991752,1.55690964081
../no_restraint_new_protocol//min_NoH_3_4_1_3_mut_H185SL186IT188MT189DF190V_round_4_0015.rst7,-86.2790492,1.90608856447
../no_restraint_new_protocol//min_NoH_3_4_2_3_mut_H185SL186IT188MT189DF190V_round_4_0009.rst7,-84.32356056,1.65428614179
../no_restraint_new_protocol//min_NoH_3_4_2_3_mut_H185SL186IT188MT189DF190V_round_4_0013.rst7,-75.91795224,1.68486996809
../no_restraint_new_protocol//min_NoH_3_4_3_3_mut_H185SL186IT188MT189DF190V_round_4_0018.rst7,-63.23233224,1.37568625005
../no_restraint_new_protocol//min_NoH_3_4_3_3_mut_H185SL186IT188MT189DF190V_round_4_0019.rst7,-81.81077808,1.44881068013
../no_restraint_new_protocol//min_NoH_3_4_4_3_mut_H185SL186IT188MT189DF190V_round_4_0003.rst7,-81.6089304,1.94487193664
../no_restraint_new_protocol//min_NoH_3_4_5_3_mut_H185SL186IT188MT189DF190V_round_4_0001.rst7,-90.25990592,1.15691589888
../no_restraint_new_protocol//min_NoH_3_4_5_3_mut_H185SL186IT188MT189DF190V_round_4_0016.rst7,-99.32462848,0.834191639146
../no_restraint_new_protocol//min_NoH_3_4_6_3_mut_H185SL186IT188MT189DF190V_round_4_0008.rst7,-85.49824896,0.948499777095
../no_restraint_new_protocol//min_NoH_3_4_6_3_mut_H185SL186IT188MT189DF190V_round_4_0017.rst7,-53.48968008,1.73578819267
../no_restraint_new_protocol//min_NoH_3_4_6_3_mut_H185SL186IT188MT189DF190V_round_4_0019.rst7,-86.57586808,1.57136677739
../no_restraint_new_protocol//min_NoH_3_4_7_3_mut_H185SL186IT188MT189DF190V_round_4_0006.rst7,-79.11938072,1.74458687084
../no_restraint_new_protocol//min_NoH_3_4_7_3_mut_H185SL186IT188MT189DF190V_round_4_0010.rst7,-85.96031808,0.95805049769
../no_restraint_new_protocol//min_NoH_3_4_8_3_mut_H185SL186IT188MT189DF190V_round_4_0003.rst7,-85.45820432,1.8993351777
../no_restraint_new_protocol//min_NoH_3_4_8_3_mut_H185SL186IT188MT189DF190V_round_4_0007.rst7,-82.99206256,1.95163323131
../no_restraint_new_protocol//min_NoH_3_4_8_3_mut_H185SL186IT188MT189DF190V_round_4_0017.rst7,-95.29714488,0.947884380097
../no_restraint_new_protocol//min_NoH_9_1_10_9_mut_H185SL186IT188MT189DF190V_round_1_0006.rst7,-80.29974536,1.74450046082
../no_restraint_new_protocol//min_NoH_9_1_1_9_mut_H185SL186IT188MT189DF190V_round_1_0005.rst7,-89.31438376,1.55336723809
../no_restraint_new_protocol//min_NoH_9_1_1_9_mut_H185SL186IT188MT189DF190V_round_1_0012.rst7,-104.15149864,0.97446180145
../no_restraint_new_protocol//min_NoH_9_1_1_9_mut_H185SL186IT188MT189DF190V_round_1_0014.rst7,-91.80286952,1.90160120568
../no_restraint_new_protocol//min_NoH_9_1_3_9_mut_H185SL186IT188MT189DF190V_round_1_0007.rst7,-86.94013304,1.49669468429
../no_restraint_new_protocol//min_NoH_9_1_3_9_mut_H185SL186IT188MT189DF190V_round_1_0009.rst7,-84.58406,1.73492938275
../no_restraint_new_protocol//min_NoH_9_1_4_9_mut_H185SL186IT188MT189DF190V_round_1_0004.rst7,-86.02858896,1.3190209338
../no_restraint_new_protocol//min_NoH_9_1_5_9_mut_H185SL186IT188MT189DF190V_round_1_0004.rst7,-76.7580492,1.0894722685
../no_restraint_new_protocol//min_NoH_9_1_5_9_mut_H185SL186IT188MT189DF190V_round_1_0005.rst7,-91.89696984,1.21211706682
../no_restraint_new_protocol//min_NoH_9_1_5_9_mut_H185SL186IT188MT189DF190V_round_1_0010.rst7,-80.82649104,1.86122292848
../no_restraint_new_protocol//min_NoH_9_1_5_9_mut_H185SL186IT188MT189DF190V_round_1_0015.rst7,-93.14021144,1.26252056348
../no_restraint_new_protocol//min_NoH_9_1_6_9_mut_H185SL186IT188MT189DF190V_round_1_0014.rst7,-78.94111216,1.74628571462
../no_restraint_new_protocol//min_NoH_9_1_7_9_mut_H185SL186IT188MT189DF190V_round_1_0012.rst7,-90.230814,1.94648015742
../no_restraint_new_protocol//min_NoH_9_1_8_9_mut_H185SL186IT188MT189DF190V_round_1_0006.rst7,-93.33838144,1.01300122087
../no_restraint_new_protocol//min_NoH_9_1_8_9_mut_H185SL186IT188MT189DF190V_round_1_0008.rst7,-91.07089376,1.44292780709
../no_restraint_new_protocol//min_NoH_9_1_8_9_mut_H185SL186IT188MT189DF190V_round_1_0013.rst7,-81.00412336,1.52615192442
../no_restraint_new_protocol//min_NoH_9_1_9_9_mut_H185SL186IT188MT189DF190V_round_1_0001.rst7,-79.7128324,1.80163868806
../no_restraint_new_protocol//min_NoH_9_1_9_9_mut_H185SL186IT188MT189DF190V_round_1_0003.rst7,-92.8302176,1.21020471082
../no_restraint_new_protocol//min_NoH_9_1_9_9_mut_H185SL186IT188MT189DF190V_round_1_0019.rst7,-77.28787576,1.91364628399
../no_restraint_new_protocol//min_NoH_9_1_9_9_mut_H185SL186IT188MT189DF190V_round_1_0020.rst7,-99.667822,0.867009966912