../no_restraint_new_protocol//min_NoH_0002_2_4_3_2_mut_H71FT99M_round_4_0001.rst7,-39.62856416,1.28336668161
../no_restraint_new_protocol//min_NoH_0002_5_4_6_5_mut_H71FT99M_round_4_0001.rst7,-41.10783304,1.30985035134
../no_restraint_new_protocol//min_NoH_0002_5_4_9_5_mut_H71FT99M_round_4_0001.rst7,-39.52672056,1.29378418951
../no_restraint_new_protocol//min_NoH_0002_6_2_1_6_mut_H71FT99M_round_2_0001.rst7,-38.49590792,1.30974353174
../no_restraint_new_protocol//min_NoH_0003_10_3_8_10_mut_H71FT99M_round_3_0001.rst7,-43.85051632,1.22198107098
../no_restraint_new_protocol//min_NoH_0004_6_1_5_6_mut_H71FT99M_round_1_0001.rst7,-43.36126152,1.2022122053
../no_restraint_new_protocol//min_NoH_0018_4_3_10_4_mut_H71FT99M_round_3_0001.rst7,-49.92860784,1.19507397943
../no_restraint_new_protocol//min_NoH_0018_4_3_3_4_mut_H71FT99M_round_3_0001.rst7,-49.32085416,1.21559525644
../no_restraint_new_protocol//min_NoH_0018_4_3_4_4_mut_H71FT99M_round_3_0001.rst7,-53.10387632,1.21160624517
../no_restraint_new_protocol//min_NoH_0018_4_3_5_4_mut_H71FT99M_round_3_0001.rst7,-47.6813064,1.25457548425
../no_restraint_new_protocol//min_NoH_0018_6_1_10_6_mut_H71FT99M_round_1_0001.rst7,-53.42309096,1.18189152324
../no_restraint_new_protocol//min_NoH_0018_6_1_3_6_mut_H71FT99M_round_1_0001.rst7,-49.76693136,1.20885292743
../no_restraint_new_protocol//min_NoH_0018_6_1_8_6_mut_H71FT99M_round_1_0001.rst7,-52.90773136,1.21496523377
../no_restraint_new_protocol//min_NoH_0018_6_1_9_6_mut_H71FT99M_round_1_0001.rst7,-48.46577024,1.20611411415
../no_restraint_new_protocol//min_NoH_0018_8_4_10_8_mut_H71FT99M_round_4_0001.rst7,-54.14450624,1.23153316516
../no_restraint_new_protocol//min_NoH_0018_8_4_3_8_mut_H71FT99M_round_4_0001.rst7,-51.08195872,1.22081703447
../no_restraint_new_protocol//min_NoH_0018_8_4_4_8_mut_H71FT99M_round_4_0001.rst7,-39.87160112,1.20557296972
../no_restraint_new_protocol//min_NoH_0018_8_4_5_8_mut_H71FT99M_round_4_0001.rst7,-48.31592608,1.22772035864
../no_restraint_new_protocol//min_NoH_0018_8_4_8_8_mut_H71FT99M_round_4_0001.rst7,-52.10277104,1.21722432699
../no_restraint_new_protocol//min_NoH_0019_5_5_8_5_mut_H71FT99M_round_5_0001.rst7,-38.1883776,1.19654024224
../no_restraint_new_protocol//min_NoH_0021_3_4_9_3_mut_H71FT99M_round_4_0001.rst7,-39.17697752,1.67486297122
../no_restraint_new_protocol//min_NoH_0021_6_5_4_6_mut_H71FT99M_round_5_0001.rst7,-39.71309008,1.68058683344
../no_restraint_new_protocol//min_NoH_0024_1_3_3_1_mut_H71FT99M_round_3_0001.rst7,-43.22333952,1.3900307448
../no_restraint_new_protocol//min_NoH_0024_5_1_10_5_mut_H71FT99M_round_1_0001.rst7,-39.41587504,1.42155350141
../no_restraint_new_protocol//min_NoH_0024_5_1_1_5_mut_H71FT99M_round_1_0001.rst7,-41.29832904,1.43521110858
../no_restraint_new_protocol//min_NoH_0024_5_1_8_5_mut_H71FT99M_round_1_0001.rst7,-39.84033152,1.3838249046
../no_restraint_new_protocol//min_NoH_0024_9_5_9_9_mut_H71FT99M_round_5_0001.rst7,-51.92588376,1.37418100713
../no_restraint_new_protocol//min_NoH_0025_4_5_5_4_mut_H71FT99M_round_5_0001.rst7,-37.36659816,1.36770229618
../no_restraint_new_protocol//min_NoH_0026_10_1_10_10_mut_H71FT99M_round_1_0001.rst7,-36.22094784,1.34128955894
../no_restraint_new_protocol//min_NoH_0026_10_1_7_10_mut_H71FT99M_round_1_0001.rst7,-42.80926008,1.33587339741
../no_restraint_new_protocol//min_NoH_0026_1_5_7_1_mut_H71FT99M_round_5_0001.rst7,-41.63530616,1.32550671811
../no_restraint_new_protocol//min_NoH_0026_1_5_9_1_mut_H71FT99M_round_5_0001.rst7,-43.23455136,1.37695255955
../no_restraint_new_protocol//min_NoH_0026_4_5_4_4_mut_H71FT99M_round_5_0001.rst7,-44.34067736,1.33411377301
../no_restraint_new_protocol//min_NoH_0026_4_5_7_4_mut_H71FT99M_round_5_0001.rst7,-46.0148592,1.37783155218
../no_restraint_new_protocol//min_NoH_0030_1_3_10_1_mut_H71FT99M_round_3_0001.rst7,-50.68607896,1.38520491978
../no_restraint_new_protocol//min_NoH_0030_1_3_4_1_mut_H71FT99M_round_3_0001.rst7,-47.50082856,1.37382209261
../no_restraint_new_protocol//min_NoH_0030_1_3_6_1_mut_H71FT99M_round_3_0001.rst7,-50.39093048,1.39249028584
../no_restraint_new_protocol//min_NoH_0030_1_3_7_1_mut_H71FT99M_round_3_0001.rst7,-51.18187312,1.36124240042
../no_restraint_new_protocol//min_NoH_0030_1_3_9_1_mut_H71FT99M_round_3_0001.rst7,-42.24208008,1.35245644829
../no_restraint_new_protocol//min_NoH_0030_5_4_3_5_mut_H71FT99M_round_4_0001.rst7,-52.61496944,1.43485266904
../no_restraint_new_protocol//min_NoH_0030_5_4_4_5_mut_H71FT99M_round_4_0001.rst7,-50.24764672,1.44466597205
../no_restraint_new_protocol//min_NoH_0030_5_4_9_5_mut_H71FT99M_round_4_0001.rst7,-48.59512968,1.43384674588
../no_restraint_new_protocol//min_NoH_0032_3_2_10_3_mut_H71FT99M_round_2_0001.rst7,-52.45082536,1.22095777578
../no_restraint_new_protocol//min_NoH_0032_3_2_1_3_mut_H71FT99M_round_2_0001.rst7,-50.75157152,1.20920103049
../no_restraint_new_protocol//min_NoH_0032_4_1_4_4_mut_H71FT99M_round_1_0001.rst7,-50.60949448,1.20627226828
../no_restraint_new_protocol//min_NoH_0032_4_1_5_4_mut_H71FT99M_round_1_0001.rst7,-39.70287376,1.19052031806
../no_restraint_new_protocol//min_NoH_0033_10_2_5_10_mut_H71FT99M_round_2_0001.rst7,-36.94855064,1.3459827109
../no_restraint_new_protocol//min_NoH_0033_10_2_9_10_mut_H71FT99M_round_2_0001.rst7,-38.65339696,1.32337526406
../no_restraint_new_protocol//min_NoH_0033_10_3_4_10_mut_H71FT99M_round_3_0001.rst7,-38.51946576,1.30614579934
../no_restraint_new_protocol//min_NoH_0033_10_3_8_10_mut_H71FT99M_round_3_0001.rst7,-38.2673456,1.34716341697