../no_restraint_new_protocol//min_NoH_10_5_1_10_repacked_wt_round_5_0010.rst7,-53.93510632,0.691403197199
../no_restraint_new_protocol//min_NoH_10_5_2_10_repacked_wt_round_5_0019.rst7,-58.36712184,0.705343413191
../no_restraint_new_protocol//min_NoH_10_5_3_10_repacked_wt_round_5_0017.rst7,-51.8702248,0.685411901555
../no_restraint_new_protocol//min_NoH_10_5_3_10_repacked_wt_round_5_0018.rst7,-53.6252696,0.60626519285
../no_restraint_new_protocol//min_NoH_10_5_4_10_repacked_wt_round_5_0003.rst7,-50.903258,0.632090554082
../no_restraint_new_protocol//min_NoH_10_5_4_10_repacked_wt_round_5_0021.rst7,-55.04765096,0.672481341302
../no_restraint_new_protocol//min_NoH_10_5_5_10_repacked_wt_round_5_0001.rst7,-46.84502976,0.512634057617
../no_restraint_new_protocol//min_NoH_10_5_6_10_repacked_wt_round_5_0007.rst7,-55.7711348,0.584806476571
../no_restraint_new_protocol//min_NoH_10_5_7_10_repacked_wt_round_5_0016.rst7,-48.76545816,0.64420404497
../no_restraint_new_protocol//min_NoH_10_5_7_10_repacked_wt_round_5_0020.rst7,-51.57704536,0.596151229388
../no_restraint_new_protocol//min_NoH_10_5_8_10_repacked_wt_round_5_0021.rst7,-51.51286904,0.524664727639
../no_restraint_new_protocol//min_NoH_1_3_1_1_repacked_wt_round_3_0003.rst7,-54.41708424,0.519055569054
../no_restraint_new_protocol//min_NoH_1_3_1_1_repacked_wt_round_3_0009.rst7,-59.3667628,0.638406055803
../no_restraint_new_protocol//min_NoH_1_3_1_1_repacked_wt_round_3_0015.rst7,-61.92223776,0.588279767503
../no_restraint_new_protocol//min_NoH_1_3_1_1_repacked_wt_round_3_0016.rst7,-60.61417544,0.68529001007
../no_restraint_new_protocol//min_NoH_1_3_2_1_repacked_wt_round_3_0018.rst7,-50.1460896,0.535443981321
../no_restraint_new_protocol//min_NoH_1_3_2_1_repacked_wt_round_3_0024.rst7,-67.35240552,0.596998031617
../no_restraint_new_protocol//min_NoH_1_3_4_1_repacked_wt_round_3_0021.rst7,-57.75164528,0.584496934965
../no_restraint_new_protocol//min_NoH_1_3_5_1_repacked_wt_round_3_0007.rst7,-49.20250896,0.618639082412
../no_restraint_new_protocol//min_NoH_1_3_5_1_repacked_wt_round_3_0018.rst7,-64.79813288,0.585285238853
../no_restraint_new_protocol//min_NoH_1_3_6_1_repacked_wt_round_3_0007.rst7,-54.37632536,0.622377553163
../no_restraint_new_protocol//min_NoH_1_3_6_1_repacked_wt_round_3_0011.rst7,-58.69750296,0.535875556688
../no_restraint_new_protocol//min_NoH_1_3_6_1_repacked_wt_round_3_0015.rst7,-54.24398712,0.643530228172
../no_restraint_new_protocol//min_NoH_1_3_7_1_repacked_wt_round_3_0012.rst7,-61.54851072,0.69638846209
../no_restraint_new_protocol//min_NoH_1_3_8_1_repacked_wt_round_3_0008.rst7,-61.12992296,0.605069183104
../no_restraint_new_protocol//min_NoH_1_3_8_1_repacked_wt_round_3_0015.rst7,-60.0682064,0.633569336819
../no_restraint_new_protocol//min_NoH_3_3_1_3_repacked_wt_round_3_0022.rst7,-62.79110792,0.692078511544
../no_restraint_new_protocol//min_NoH_3_3_2_3_repacked_wt_round_3_0003.rst7,-54.93731664,0.517094271595
../no_restraint_new_protocol//min_NoH_3_3_2_3_repacked_wt_round_3_0012.rst7,-60.26309904,0.623161622434
../no_restraint_new_protocol//min_NoH_3_3_2_3_repacked_wt_round_3_0013.rst7,-52.21861608,0.615419487126
../no_restraint_new_protocol//min_NoH_3_3_2_3_repacked_wt_round_3_0017.rst7,-53.62972088,0.610515861936
../no_restraint_new_protocol//min_NoH_3_3_3_3_repacked_wt_round_3_0003.rst7,-56.77308288,0.635989143483
../no_restraint_new_protocol//min_NoH_3_3_3_3_repacked_wt_round_3_0008.rst7,-46.90181744,0.519778431273
../no_restraint_new_protocol//min_NoH_3_3_3_3_repacked_wt_round_3_0020.rst7,-55.95029504,0.680666031208
../no_restraint_new_protocol//min_NoH_3_3_4_3_repacked_wt_round_3_0016.rst7,-48.25254936,0.550736718271
../no_restraint_new_protocol//min_NoH_3_3_4_3_repacked_wt_round_3_0019.rst7,-51.41566496,0.48078976577
../no_restraint_new_protocol//min_NoH_3_3_5_3_repacked_wt_round_3_0001.rst7,-62.0512812,0.580741733221
../no_restraint_new_protocol//min_NoH_3_3_5_3_repacked_wt_round_3_0010.rst7,-60.04345872,0.681501496647
../no_restraint_new_protocol//min_NoH_3_3_5_3_repacked_wt_round_3_0016.rst7,-55.95571952,0.53801790512
../no_restraint_new_protocol//min_NoH_3_3_6_3_repacked_wt_round_3_0001.rst7,-59.62156232,0.585234973356
../no_restraint_new_protocol//min_NoH_3_3_6_3_repacked_wt_round_3_0015.rst7,-60.08985928,0.627873648487
../no_restraint_new_protocol//min_NoH_3_3_6_3_repacked_wt_round_3_0016.rst7,-58.78495,0.527281738079
../no_restraint_new_protocol//min_NoH_3_3_6_3_repacked_wt_round_3_0017.rst7,-56.24619032,0.648815316435
../no_restraint_new_protocol//min_NoH_3_3_6_3_repacked_wt_round_3_0020.rst7,-62.10256896,0.657425540775
../no_restraint_new_protocol//min_NoH_3_3_6_3_repacked_wt_round_3_0023.rst7,-60.78200424,0.567163875626
../no_restraint_new_protocol//min_NoH_3_3_7_3_repacked_wt_round_3_0001.rst7,-54.48277816,0.623947858007
../no_restraint_new_protocol//min_NoH_3_3_7_3_repacked_wt_round_3_0006.rst7,-67.2417592,0.649807305268
../no_restraint_new_protocol//min_NoH_3_3_7_3_repacked_wt_round_3_0010.rst7,-58.30409872,0.603120414004
../no_restraint_new_protocol//min_NoH_3_3_8_3_repacked_wt_round_3_0019.rst7,-55.9474348,0.545672232074
../no_restraint_new_protocol//min_NoH_3_3_8_3_repacked_wt_round_3_0023.rst7,-53.5717196,0.621822960294