../no_restraint_new_protocol//min_NoH_4_2_1_4_mut_E102RS103RS105TK106Q_round_2_0002.rst7,-62.46135536,0.547691875387
../no_restraint_new_protocol//min_NoH_4_2_1_4_mut_E102RS103RS105TK106Q_round_2_0005.rst7,-59.33899136,0.582281871608
../no_restraint_new_protocol//min_NoH_4_2_1_4_mut_E102RS103RS105TK106Q_round_2_0015.rst7,-62.32051648,0.596761140472
../no_restraint_new_protocol//min_NoH_4_2_1_4_mut_E102RS103RS105TK106Q_round_2_0024.rst7,-59.32726224,0.604224754189
../no_restraint_new_protocol//min_NoH_4_2_2_4_mut_E102RS103RS105TK106Q_round_2_0013.rst7,-63.40021184,0.597410361249
../no_restraint_new_protocol//min_NoH_4_2_3_4_mut_E102RS103RS105TK106Q_round_2_0025.rst7,-62.42543088,0.588478097992
../no_restraint_new_protocol//min_NoH_4_2_4_4_mut_E102RS103RS105TK106Q_round_2_0009.rst7,-63.10611736,0.586016177895
../no_restraint_new_protocol//min_NoH_4_2_4_4_mut_E102RS103RS105TK106Q_round_2_0022.rst7,-65.39173752,0.602348434452
../no_restraint_new_protocol//min_NoH_4_2_5_4_mut_E102RS103RS105TK106Q_round_2_0001.rst7,-62.27219552,0.563674353518
../no_restraint_new_protocol//min_NoH_4_2_5_4_mut_E102RS103RS105TK106Q_round_2_0014.rst7,-62.23217832,0.581312400108
../no_restraint_new_protocol//min_NoH_4_2_5_4_mut_E102RS103RS105TK106Q_round_2_0022.rst7,-62.33812352,0.557360942513
../no_restraint_new_protocol//min_NoH_4_2_6_4_mut_E102RS103RS105TK106Q_round_2_0020.rst7,-60.93442824,0.593268706487
../no_restraint_new_protocol//min_NoH_4_2_6_4_mut_E102RS103RS105TK106Q_round_2_0024.rst7,-62.69456568,0.552315504874
../no_restraint_new_protocol//min_NoH_4_2_7_4_mut_E102RS103RS105TK106Q_round_2_0011.rst7,-63.27772256,0.600511190613
../no_restraint_new_protocol//min_NoH_4_2_7_4_mut_E102RS103RS105TK106Q_round_2_0015.rst7,-62.80639752,0.602944769385
../no_restraint_new_protocol//min_NoH_4_2_7_4_mut_E102RS103RS105TK106Q_round_2_0021.rst7,-62.90651472,0.576155814407
../no_restraint_new_protocol//min_NoH_4_2_8_4_mut_E102RS103RS105TK106Q_round_2_0002.rst7,-65.20541112,0.635032514679
../no_restraint_new_protocol//min_NoH_4_2_8_4_mut_E102RS103RS105TK106Q_round_2_0008.rst7,-62.28407456,0.608153344391
../no_restraint_new_protocol//min_NoH_4_2_8_4_mut_E102RS103RS105TK106Q_round_2_0019.rst7,-62.26586368,0.562097252319
../no_restraint_new_protocol//min_NoH_5_5_2_5_mut_E102RS103RS105TK106Q_round_5_0005.rst7,-63.64236616,0.634808243953
../no_restraint_new_protocol//min_NoH_5_5_2_5_mut_E102RS103RS105TK106Q_round_5_0009.rst7,-62.82135776,0.559466905863
../no_restraint_new_protocol//min_NoH_5_5_3_5_mut_E102RS103RS105TK106Q_round_5_0003.rst7,-61.63627232,0.571006062532
../no_restraint_new_protocol//min_NoH_5_5_4_5_mut_E102RS103RS105TK106Q_round_5_0008.rst7,-59.39673208,0.635022341183
../no_restraint_new_protocol//min_NoH_5_5_5_5_mut_E102RS103RS105TK106Q_round_5_0007.rst7,-62.76875128,0.605359707815
../no_restraint_new_protocol//min_NoH_5_5_5_5_mut_E102RS103RS105TK106Q_round_5_0016.rst7,-62.99280992,0.603036063026
../no_restraint_new_protocol//min_NoH_5_5_6_5_mut_E102RS103RS105TK106Q_round_5_0012.rst7,-62.30628288,0.557362109768
../no_restraint_new_protocol//min_NoH_5_5_6_5_mut_E102RS103RS105TK106Q_round_5_0017.rst7,-62.33066848,0.565511730914
../no_restraint_new_protocol//min_NoH_5_5_6_5_mut_E102RS103RS105TK106Q_round_5_0023.rst7,-62.03559576,0.604474165446
../no_restraint_new_protocol//min_NoH_5_5_7_5_mut_E102RS103RS105TK106Q_round_5_0004.rst7,-62.59485592,0.593003643969
../no_restraint_new_protocol//min_NoH_5_5_7_5_mut_E102RS103RS105TK106Q_round_5_0005.rst7,-62.21465856,0.567300364711
../no_restraint_new_protocol//min_NoH_5_5_7_5_mut_E102RS103RS105TK106Q_round_5_0008.rst7,-61.51126808,0.584384794106
../no_restraint_new_protocol//min_NoH_5_5_7_5_mut_E102RS103RS105TK106Q_round_5_0012.rst7,-63.87070328,0.605050612595
../no_restraint_new_protocol//min_NoH_5_5_7_5_mut_E102RS103RS105TK106Q_round_5_0025.rst7,-62.40752184,0.571582776123
../no_restraint_new_protocol//min_NoH_5_5_8_5_mut_E102RS103RS105TK106Q_round_5_0020.rst7,-64.60810752,0.597647922668
../no_restraint_new_protocol//min_NoH_5_5_8_5_mut_E102RS103RS105TK106Q_round_5_0022.rst7,-61.73795928,0.587855320339
../no_restraint_new_protocol//min_NoH_6_4_1_6_mut_E102RS103RS105TK106Q_round_4_0006.rst7,-61.4323136,0.576525037686
../no_restraint_new_protocol//min_NoH_6_4_2_6_mut_E102RS103RS105TK106Q_round_4_0001.rst7,-62.08500768,0.609914995744
../no_restraint_new_protocol//min_NoH_6_4_2_6_mut_E102RS103RS105TK106Q_round_4_0016.rst7,-62.6223788,0.565582182799
../no_restraint_new_protocol//min_NoH_6_4_3_6_mut_E102RS103RS105TK106Q_round_4_0005.rst7,-65.1715528,0.618836456527
../no_restraint_new_protocol//min_NoH_6_4_3_6_mut_E102RS103RS105TK106Q_round_4_0010.rst7,-63.2119236,0.544462212343
../no_restraint_new_protocol//min_NoH_6_4_3_6_mut_E102RS103RS105TK106Q_round_4_0025.rst7,-65.7185484,0.58260864374
../no_restraint_new_protocol//min_NoH_6_4_4_6_mut_E102RS103RS105TK106Q_round_4_0002.rst7,-62.57261816,0.597435314405
../no_restraint_new_protocol//min_NoH_6_4_4_6_mut_E102RS103RS105TK106Q_round_4_0006.rst7,-61.95007736,0.584518614787
../no_restraint_new_protocol//min_NoH_6_4_5_6_mut_E102RS103RS105TK106Q_round_4_0007.rst7,-59.4446032,0.613545557569
../no_restraint_new_protocol//min_NoH_6_4_5_6_mut_E102RS103RS105TK106Q_round_4_0016.rst7,-61.86171456,0.566041245946
../no_restraint_new_protocol//min_NoH_6_4_6_6_mut_E102RS103RS105TK106Q_round_4_0005.rst7,-59.32213584,0.582686707579
../no_restraint_new_protocol//min_NoH_6_4_6_6_mut_E102RS103RS105TK106Q_round_4_0017.rst7,-62.25258752,0.570753038055
../no_restraint_new_protocol//min_NoH_6_4_7_6_mut_E102RS103RS105TK106Q_round_4_0006.rst7,-65.30068176,0.61124860154
../no_restraint_new_protocol//min_NoH_6_4_7_6_mut_E102RS103RS105TK106Q_round_4_0021.rst7,-63.98182352,0.632754902297
../no_restraint_new_protocol//min_NoH_6_4_8_6_mut_E102RS103RS105TK106Q_round_4_0024.rst7,-62.26065744,0.569066930534