../no_restraint_new_protocol//min_NoH_10_1_2_10_mut_E102SS103IK106D_round_1_0002.rst7,-61.2348272,0.642080747105
../no_restraint_new_protocol//min_NoH_10_1_2_10_mut_E102SS103IK106D_round_1_0017.rst7,-67.7787576,0.656429347353
../no_restraint_new_protocol//min_NoH_10_1_2_10_mut_E102SS103IK106D_round_1_0021.rst7,-67.93292088,0.630965324358
../no_restraint_new_protocol//min_NoH_10_1_3_10_mut_E102SS103IK106D_round_1_0011.rst7,-62.8288724,0.608499750194
../no_restraint_new_protocol//min_NoH_10_1_3_10_mut_E102SS103IK106D_round_1_0012.rst7,-62.8550852,0.643013266408
../no_restraint_new_protocol//min_NoH_10_1_4_10_mut_E102SS103IK106D_round_1_0019.rst7,-66.56667736,0.64276346474
../no_restraint_new_protocol//min_NoH_10_1_5_10_mut_E102SS103IK106D_round_1_0012.rst7,-67.33201744,0.626961653891
../no_restraint_new_protocol//min_NoH_10_1_5_10_mut_E102SS103IK106D_round_1_0019.rst7,-67.83805056,0.631321872354
../no_restraint_new_protocol//min_NoH_10_1_6_10_mut_E102SS103IK106D_round_1_0013.rst7,-67.48031992,0.659460252429
../no_restraint_new_protocol//min_NoH_10_1_6_10_mut_E102SS103IK106D_round_1_0015.rst7,-67.42692232,0.630527290986
../no_restraint_new_protocol//min_NoH_10_1_7_10_mut_E102SS103IK106D_round_1_0013.rst7,-67.55403856,0.611408614749
../no_restraint_new_protocol//min_NoH_10_1_7_10_mut_E102SS103IK106D_round_1_0014.rst7,-69.76446592,0.647806910926
../no_restraint_new_protocol//min_NoH_10_1_7_10_mut_E102SS103IK106D_round_1_0016.rst7,-65.5384224,0.674493863557
../no_restraint_new_protocol//min_NoH_10_1_7_10_mut_E102SS103IK106D_round_1_0025.rst7,-67.89176208,0.661502978204
../no_restraint_new_protocol//min_NoH_10_1_8_10_mut_E102SS103IK106D_round_1_0006.rst7,-67.75734264,0.634905365476
../no_restraint_new_protocol//min_NoH_10_1_8_10_mut_E102SS103IK106D_round_1_0014.rst7,-67.82211736,0.634498834849
../no_restraint_new_protocol//min_NoH_10_1_8_10_mut_E102SS103IK106D_round_1_0019.rst7,-67.48824592,0.672458437479
../no_restraint_new_protocol//min_NoH_10_1_8_10_mut_E102SS103IK106D_round_1_0022.rst7,-66.04276176,0.608809985145
../no_restraint_new_protocol//min_NoH_10_1_8_10_mut_E102SS103IK106D_round_1_0024.rst7,-65.56836384,0.648041175445
../no_restraint_new_protocol//min_NoH_10_2_1_10_mut_E102SS103IK106D_round_2_0010.rst7,-65.77710296,0.674239772462
../no_restraint_new_protocol//min_NoH_10_2_2_10_mut_E102SS103IK106D_round_2_0024.rst7,-67.347342,0.674843594825
../no_restraint_new_protocol//min_NoH_10_2_3_10_mut_E102SS103IK106D_round_2_0009.rst7,-67.91332184,0.624155768773
../no_restraint_new_protocol//min_NoH_10_2_3_10_mut_E102SS103IK106D_round_2_0010.rst7,-64.0897348,0.632241436878
../no_restraint_new_protocol//min_NoH_10_2_3_10_mut_E102SS103IK106D_round_2_0012.rst7,-67.7875356,0.649818841427
../no_restraint_new_protocol//min_NoH_10_2_3_10_mut_E102SS103IK106D_round_2_0021.rst7,-66.2232416,0.682136062386
../no_restraint_new_protocol//min_NoH_10_2_4_10_mut_E102SS103IK106D_round_2_0006.rst7,-67.4986396,0.615621613025
../no_restraint_new_protocol//min_NoH_10_2_4_10_mut_E102SS103IK106D_round_2_0020.rst7,-67.78837568,0.62990872761
../no_restraint_new_protocol//min_NoH_10_2_5_10_mut_E102SS103IK106D_round_2_0004.rst7,-66.69910256,0.607943220661
../no_restraint_new_protocol//min_NoH_10_2_5_10_mut_E102SS103IK106D_round_2_0011.rst7,-67.8732476,0.638302763935
../no_restraint_new_protocol//min_NoH_10_2_6_10_mut_E102SS103IK106D_round_2_0004.rst7,-69.81831464,0.644756184127
../no_restraint_new_protocol//min_NoH_10_2_6_10_mut_E102SS103IK106D_round_2_0008.rst7,-48.17693048,0.643293856351
../no_restraint_new_protocol//min_NoH_10_2_6_10_mut_E102SS103IK106D_round_2_0013.rst7,-67.42751336,0.668785204906
../no_restraint_new_protocol//min_NoH_10_2_6_10_mut_E102SS103IK106D_round_2_0025.rst7,-67.34111072,0.613756142459
../no_restraint_new_protocol//min_NoH_10_2_8_10_mut_E102SS103IK106D_round_2_0004.rst7,-68.06480904,0.626813956311
../no_restraint_new_protocol//min_NoH_10_2_8_10_mut_E102SS103IK106D_round_2_0020.rst7,-67.426732,0.635562290368
../no_restraint_new_protocol//min_NoH_3_3_1_3_mut_E102SS103IK106D_round_3_0009.rst7,-48.15798968,0.617557444675
../no_restraint_new_protocol//min_NoH_3_3_1_3_mut_E102SS103IK106D_round_3_0011.rst7,-58.05159936,0.632911950819
../no_restraint_new_protocol//min_NoH_3_3_2_3_mut_E102SS103IK106D_round_3_0011.rst7,-66.91384848,0.634449658286
../no_restraint_new_protocol//min_NoH_3_3_3_3_mut_E102SS103IK106D_round_3_0012.rst7,-66.55886264,0.636002043231
../no_restraint_new_protocol//min_NoH_3_3_3_3_mut_E102SS103IK106D_round_3_0014.rst7,-67.34884,0.623858117144
../no_restraint_new_protocol//min_NoH_3_3_3_3_mut_E102SS103IK106D_round_3_0019.rst7,-66.75257408,0.594574730896
../no_restraint_new_protocol//min_NoH_3_3_4_3_mut_E102SS103IK106D_round_3_0007.rst7,-57.28552728,0.642103502675
../no_restraint_new_protocol//min_NoH_3_3_5_3_mut_E102SS103IK106D_round_3_0015.rst7,-63.73852224,0.567161887663
../no_restraint_new_protocol//min_NoH_3_3_5_3_mut_E102SS103IK106D_round_3_0019.rst7,-66.62414712,0.613327500928
../no_restraint_new_protocol//min_NoH_3_3_5_3_mut_E102SS103IK106D_round_3_0024.rst7,-68.15924656,0.615824562504
../no_restraint_new_protocol//min_NoH_3_3_6_3_mut_E102SS103IK106D_round_3_0005.rst7,-57.76459656,0.599944470901
../no_restraint_new_protocol//min_NoH_3_3_6_3_mut_E102SS103IK106D_round_3_0015.rst7,-65.6387124,0.703856519937
../no_restraint_new_protocol//min_NoH_3_3_7_3_mut_E102SS103IK106D_round_3_0001.rst7,-67.79480024,0.660792251419
../no_restraint_new_protocol//min_NoH_3_3_8_3_mut_E102SS103IK106D_round_3_0002.rst7,-67.9112028,0.631549765451
../no_restraint_new_protocol//min_NoH_3_3_8_3_mut_E102SS103IK106D_round_3_0015.rst7,-68.1309312,0.654114114165