../no_restraint_new_protocol//min_NoH_2_3_2_2_mut_E102KA103QE105SK107TV108L_round_3_0014.rst7,-57.56097368
../no_restraint_new_protocol//min_NoH_2_3_5_2_mut_E102KA103QE105SK107TV108L_round_3_0003.rst7,-56.11158672
../no_restraint_new_protocol//min_NoH_2_3_5_2_mut_E102KA103QE105SK107TV108L_round_3_0022.rst7,-57.7847432
../no_restraint_new_protocol//min_NoH_2_3_7_2_mut_E102KA103QE105SK107TV108L_round_3_0004.rst7,-57.27803792
../no_restraint_new_protocol//min_NoH_2_3_7_2_mut_E102KA103QE105SK107TV108L_round_3_0006.rst7,-57.68378064
../no_restraint_new_protocol//min_NoH_2_3_7_2_mut_E102KA103QE105SK107TV108L_round_3_0008.rst7,-54.85104872
../no_restraint_new_protocol//min_NoH_2_3_7_2_mut_E102KA103QE105SK107TV108L_round_3_0015.rst7,-56.430112
../no_restraint_new_protocol//min_NoH_2_3_7_2_mut_E102KA103QE105SK107TV108L_round_3_0024.rst7,-57.2420168
../no_restraint_new_protocol//min_NoH_2_3_8_2_mut_E102KA103QE105SK107TV108L_round_3_0001.rst7,-57.7460988
../no_restraint_new_protocol//min_NoH_2_3_8_2_mut_E102KA103QE105SK107TV108L_round_3_0004.rst7,-56.87385352
../no_restraint_new_protocol//min_NoH_7_4_1_7_mut_E102KA103QE105SK107TV108L_round_4_0003.rst7,-57.717838
../no_restraint_new_protocol//min_NoH_7_4_1_7_mut_E102KA103QE105SK107TV108L_round_4_0006.rst7,-57.13244696
../no_restraint_new_protocol//min_NoH_7_4_1_7_mut_E102KA103QE105SK107TV108L_round_4_0007.rst7,-57.16520688
../no_restraint_new_protocol//min_NoH_7_4_1_7_mut_E102KA103QE105SK107TV108L_round_4_0009.rst7,-57.6268804
../no_restraint_new_protocol//min_NoH_7_4_1_7_mut_E102KA103QE105SK107TV108L_round_4_0024.rst7,-54.8178956
../no_restraint_new_protocol//min_NoH_7_4_2_7_mut_E102KA103QE105SK107TV108L_round_4_0007.rst7,-57.219358
../no_restraint_new_protocol//min_NoH_7_4_2_7_mut_E102KA103QE105SK107TV108L_round_4_0009.rst7,-60.39340104
../no_restraint_new_protocol//min_NoH_7_4_2_7_mut_E102KA103QE105SK107TV108L_round_4_0016.rst7,-57.35267912
../no_restraint_new_protocol//min_NoH_7_4_3_7_mut_E102KA103QE105SK107TV108L_round_4_0002.rst7,-57.54085624
../no_restraint_new_protocol//min_NoH_7_4_3_7_mut_E102KA103QE105SK107TV108L_round_4_0008.rst7,-57.73597832
../no_restraint_new_protocol//min_NoH_7_4_3_7_mut_E102KA103QE105SK107TV108L_round_4_0011.rst7,-57.94866408
../no_restraint_new_protocol//min_NoH_7_4_3_7_mut_E102KA103QE105SK107TV108L_round_4_0020.rst7,-56.40835992
../no_restraint_new_protocol//min_NoH_7_4_3_7_mut_E102KA103QE105SK107TV108L_round_4_0021.rst7,-54.22207232
../no_restraint_new_protocol//min_NoH_7_4_4_7_mut_E102KA103QE105SK107TV108L_round_4_0012.rst7,-53.40316192
../no_restraint_new_protocol//min_NoH_7_4_4_7_mut_E102KA103QE105SK107TV108L_round_4_0020.rst7,-57.7458436
../no_restraint_new_protocol//min_NoH_7_4_5_7_mut_E102KA103QE105SK107TV108L_round_4_0005.rst7,-56.21646384
../no_restraint_new_protocol//min_NoH_7_4_5_7_mut_E102KA103QE105SK107TV108L_round_4_0009.rst7,-54.882796
../no_restraint_new_protocol//min_NoH_7_4_5_7_mut_E102KA103QE105SK107TV108L_round_4_0012.rst7,-57.50808016
../no_restraint_new_protocol//min_NoH_7_4_5_7_mut_E102KA103QE105SK107TV108L_round_4_0017.rst7,-62.31792576
../no_restraint_new_protocol//min_NoH_7_4_5_7_mut_E102KA103QE105SK107TV108L_round_4_0023.rst7,-57.980484
../no_restraint_new_protocol//min_NoH_7_4_6_7_mut_E102KA103QE105SK107TV108L_round_4_0020.rst7,-57.77789856
../no_restraint_new_protocol//min_NoH_7_4_7_7_mut_E102KA103QE105SK107TV108L_round_4_0014.rst7,-57.1577464
../no_restraint_new_protocol//min_NoH_7_4_8_7_mut_E102KA103QE105SK107TV108L_round_4_0006.rst7,-54.8901532
../no_restraint_new_protocol//min_NoH_7_4_8_7_mut_E102KA103QE105SK107TV108L_round_4_0016.rst7,-57.2536356
../no_restraint_new_protocol//min_NoH_7_4_8_7_mut_E102KA103QE105SK107TV108L_round_4_0017.rst7,-57.29528
../no_restraint_new_protocol//min_NoH_7_4_8_7_mut_E102KA103QE105SK107TV108L_round_4_0023.rst7,-54.749914
../no_restraint_new_protocol//min_NoH_7_5_1_7_mut_E102KA103QE105SK107TV108L_round_5_0006.rst7,-56.41535592
../no_restraint_new_protocol//min_NoH_7_5_1_7_mut_E102KA103QE105SK107TV108L_round_5_0009.rst7,-57.30950768
../no_restraint_new_protocol//min_NoH_7_5_1_7_mut_E102KA103QE105SK107TV108L_round_5_0019.rst7,-55.68668192
../no_restraint_new_protocol//min_NoH_7_5_1_7_mut_E102KA103QE105SK107TV108L_round_5_0021.rst7,-61.94063944
../no_restraint_new_protocol//min_NoH_7_5_4_7_mut_E102KA103QE105SK107TV108L_round_5_0009.rst7,-56.34523168
../no_restraint_new_protocol//min_NoH_7_5_4_7_mut_E102KA103QE105SK107TV108L_round_5_0019.rst7,-55.24428608
../no_restraint_new_protocol//min_NoH_7_5_4_7_mut_E102KA103QE105SK107TV108L_round_5_0024.rst7,-61.19625536
../no_restraint_new_protocol//min_NoH_7_5_6_7_mut_E102KA103QE105SK107TV108L_round_5_0008.rst7,-53.9166276
../no_restraint_new_protocol//min_NoH_7_5_6_7_mut_E102KA103QE105SK107TV108L_round_5_0012.rst7,-57.24014304
../no_restraint_new_protocol//min_NoH_7_5_6_7_mut_E102KA103QE105SK107TV108L_round_5_0021.rst7,-56.31711144
../no_restraint_new_protocol//min_NoH_7_5_7_7_mut_E102KA103QE105SK107TV108L_round_5_0020.rst7,-57.859654
../no_restraint_new_protocol//min_NoH_7_5_7_7_mut_E102KA103QE105SK107TV108L_round_5_0023.rst7,-57.21254272
../no_restraint_new_protocol//min_NoH_7_5_7_7_mut_E102KA103QE105SK107TV108L_round_5_0024.rst7,-55.37386776
../no_restraint_new_protocol//min_NoH_7_5_8_7_mut_E102KA103QE105SK107TV108L_round_5_0022.rst7,-56.31094456