../no_restraint_new_protocol//min_NoH_1_5_1_1_mut_E102GS103ME104NS105KK106P_round_5_0012.rst7,-40.85852672
../no_restraint_new_protocol//min_NoH_1_5_3_1_mut_E102GS103ME104NS105KK106P_round_5_0008.rst7,-45.63793568
../no_restraint_new_protocol//min_NoH_1_5_3_1_mut_E102GS103ME104NS105KK106P_round_5_0010.rst7,-50.08101872
../no_restraint_new_protocol//min_NoH_1_5_3_1_mut_E102GS103ME104NS105KK106P_round_5_0015.rst7,-41.06909264
../no_restraint_new_protocol//min_NoH_1_5_3_1_mut_E102GS103ME104NS105KK106P_round_5_0019.rst7,-48.59890976
../no_restraint_new_protocol//min_NoH_1_5_4_1_mut_E102GS103ME104NS105KK106P_round_5_0005.rst7,-45.06627472
../no_restraint_new_protocol//min_NoH_1_5_4_1_mut_E102GS103ME104NS105KK106P_round_5_0008.rst7,-46.47658776
../no_restraint_new_protocol//min_NoH_1_5_4_1_mut_E102GS103ME104NS105KK106P_round_5_0018.rst7,-40.60995568
../no_restraint_new_protocol//min_NoH_1_5_4_1_mut_E102GS103ME104NS105KK106P_round_5_0019.rst7,-47.72953064
../no_restraint_new_protocol//min_NoH_1_5_5_1_mut_E102GS103ME104NS105KK106P_round_5_0010.rst7,-40.9198756
../no_restraint_new_protocol//min_NoH_1_5_6_1_mut_E102GS103ME104NS105KK106P_round_5_0006.rst7,-42.63063592
../no_restraint_new_protocol//min_NoH_1_5_6_1_mut_E102GS103ME104NS105KK106P_round_5_0014.rst7,-46.25208624
../no_restraint_new_protocol//min_NoH_1_5_6_1_mut_E102GS103ME104NS105KK106P_round_5_0015.rst7,-40.72935176
../no_restraint_new_protocol//min_NoH_1_5_7_1_mut_E102GS103ME104NS105KK106P_round_5_0011.rst7,-43.0015752
../no_restraint_new_protocol//min_NoH_1_5_7_1_mut_E102GS103ME104NS105KK106P_round_5_0012.rst7,-42.07914824
../no_restraint_new_protocol//min_NoH_2_2_1_2_mut_E102GS103ME104NS105KK106P_round_2_0006.rst7,-43.8830964
../no_restraint_new_protocol//min_NoH_2_2_2_2_mut_E102GS103ME104NS105KK106P_round_2_0016.rst7,-45.39667936
../no_restraint_new_protocol//min_NoH_2_2_2_2_mut_E102GS103ME104NS105KK106P_round_2_0021.rst7,-44.74286504
../no_restraint_new_protocol//min_NoH_2_2_5_2_mut_E102GS103ME104NS105KK106P_round_2_0002.rst7,-44.21220808
../no_restraint_new_protocol//min_NoH_2_2_5_2_mut_E102GS103ME104NS105KK106P_round_2_0013.rst7,-47.60900232
../no_restraint_new_protocol//min_NoH_2_2_5_2_mut_E102GS103ME104NS105KK106P_round_2_0016.rst7,-39.59633696
../no_restraint_new_protocol//min_NoH_2_2_5_2_mut_E102GS103ME104NS105KK106P_round_2_0024.rst7,-44.89813704
../no_restraint_new_protocol//min_NoH_2_2_6_2_mut_E102GS103ME104NS105KK106P_round_2_0008.rst7,-40.85632728
../no_restraint_new_protocol//min_NoH_2_2_6_2_mut_E102GS103ME104NS105KK106P_round_2_0011.rst7,-42.67621672
../no_restraint_new_protocol//min_NoH_2_2_6_2_mut_E102GS103ME104NS105KK106P_round_2_0024.rst7,-46.36230856
../no_restraint_new_protocol//min_NoH_2_2_7_2_mut_E102GS103ME104NS105KK106P_round_2_0024.rst7,-41.77284416
../no_restraint_new_protocol//min_NoH_2_2_8_2_mut_E102GS103ME104NS105KK106P_round_2_0005.rst7,-44.864828
../no_restraint_new_protocol//min_NoH_2_2_8_2_mut_E102GS103ME104NS105KK106P_round_2_0011.rst7,-48.83886856
../no_restraint_new_protocol//min_NoH_2_2_8_2_mut_E102GS103ME104NS105KK106P_round_2_0014.rst7,-47.08304824
../no_restraint_new_protocol//min_NoH_4_5_1_4_mut_E102GS103ME104NS105KK106P_round_5_0003.rst7,-46.64234584
../no_restraint_new_protocol//min_NoH_4_5_2_4_mut_E102GS103ME104NS105KK106P_round_5_0013.rst7,-46.74021512
../no_restraint_new_protocol//min_NoH_4_5_2_4_mut_E102GS103ME104NS105KK106P_round_5_0015.rst7,-46.1906692
../no_restraint_new_protocol//min_NoH_4_5_3_4_mut_E102GS103ME104NS105KK106P_round_5_0005.rst7,-46.2693168
../no_restraint_new_protocol//min_NoH_4_5_3_4_mut_E102GS103ME104NS105KK106P_round_5_0006.rst7,-40.89714672
../no_restraint_new_protocol//min_NoH_4_5_4_4_mut_E102GS103ME104NS105KK106P_round_5_0001.rst7,-42.57550984
../no_restraint_new_protocol//min_NoH_4_5_4_4_mut_E102GS103ME104NS105KK106P_round_5_0002.rst7,-46.11658464
../no_restraint_new_protocol//min_NoH_4_5_4_4_mut_E102GS103ME104NS105KK106P_round_5_0015.rst7,-42.61036032
../no_restraint_new_protocol//min_NoH_4_5_4_4_mut_E102GS103ME104NS105KK106P_round_5_0021.rst7,-44.97527904
../no_restraint_new_protocol//min_NoH_4_5_5_4_mut_E102GS103ME104NS105KK106P_round_5_0007.rst7,-45.05167592
../no_restraint_new_protocol//min_NoH_4_5_5_4_mut_E102GS103ME104NS105KK106P_round_5_0012.rst7,-47.57360096
../no_restraint_new_protocol//min_NoH_4_5_5_4_mut_E102GS103ME104NS105KK106P_round_5_0016.rst7,-44.53669064
../no_restraint_new_protocol//min_NoH_4_5_5_4_mut_E102GS103ME104NS105KK106P_round_5_0021.rst7,-47.56024856
../no_restraint_new_protocol//min_NoH_4_5_6_4_mut_E102GS103ME104NS105KK106P_round_5_0005.rst7,-42.09227376
../no_restraint_new_protocol//min_NoH_4_5_6_4_mut_E102GS103ME104NS105KK106P_round_5_0008.rst7,-46.95668488
../no_restraint_new_protocol//min_NoH_4_5_6_4_mut_E102GS103ME104NS105KK106P_round_5_0013.rst7,-45.62866632
../no_restraint_new_protocol//min_NoH_4_5_6_4_mut_E102GS103ME104NS105KK106P_round_5_0020.rst7,-46.82229208
../no_restraint_new_protocol//min_NoH_4_5_7_4_mut_E102GS103ME104NS105KK106P_round_5_0005.rst7,-42.00228344
../no_restraint_new_protocol//min_NoH_4_5_7_4_mut_E102GS103ME104NS105KK106P_round_5_0007.rst7,-44.43191248
../no_restraint_new_protocol//min_NoH_4_5_7_4_mut_E102GS103ME104NS105KK106P_round_5_0019.rst7,-46.72871296
../no_restraint_new_protocol//min_NoH_4_5_8_4_mut_E102GS103ME104NS105KK106P_round_5_0016.rst7,-45.25628952