../no_restraint_new_protocol//min_NoH_2_2_1_2_mut_E102HS103TE104SS105TK106LV107L_round_2_0017.rst7,-56.38545032,0.639353978621
../no_restraint_new_protocol//min_NoH_2_2_1_2_mut_E102HS103TE104SS105TK106LV107L_round_2_0018.rst7,-49.37464456,0.594672896466
../no_restraint_new_protocol//min_NoH_2_2_1_2_mut_E102HS103TE104SS105TK106LV107L_round_2_0020.rst7,-50.01553208,0.602387905215
../no_restraint_new_protocol//min_NoH_2_2_1_2_mut_E102HS103TE104SS105TK106LV107L_round_2_0024.rst7,-49.11796232,0.59391782063
../no_restraint_new_protocol//min_NoH_2_2_3_2_mut_E102HS103TE104SS105TK106LV107L_round_2_0004.rst7,-49.35894008,0.604642055455
../no_restraint_new_protocol//min_NoH_2_2_3_2_mut_E102HS103TE104SS105TK106LV107L_round_2_0006.rst7,-48.79845184,0.606618256726
../no_restraint_new_protocol//min_NoH_2_2_3_2_mut_E102HS103TE104SS105TK106LV107L_round_2_0007.rst7,-48.9801892,0.619235074147
../no_restraint_new_protocol//min_NoH_2_2_3_2_mut_E102HS103TE104SS105TK106LV107L_round_2_0025.rst7,-49.02101016,0.613420164941
../no_restraint_new_protocol//min_NoH_2_2_4_2_mut_E102HS103TE104SS105TK106LV107L_round_2_0015.rst7,-49.21253096,0.602426008241
../no_restraint_new_protocol//min_NoH_2_2_4_2_mut_E102HS103TE104SS105TK106LV107L_round_2_0023.rst7,-49.348612,0.603634950124
../no_restraint_new_protocol//min_NoH_2_2_5_2_mut_E102HS103TE104SS105TK106LV107L_round_2_0003.rst7,-49.11392976,0.632908195987
../no_restraint_new_protocol//min_NoH_2_2_6_2_mut_E102HS103TE104SS105TK106LV107L_round_2_0003.rst7,-48.934854,0.624719377993
../no_restraint_new_protocol//min_NoH_2_2_6_2_mut_E102HS103TE104SS105TK106LV107L_round_2_0019.rst7,-48.92007696,0.607023793736
../no_restraint_new_protocol//min_NoH_2_2_6_2_mut_E102HS103TE104SS105TK106LV107L_round_2_0020.rst7,-48.88909128,0.636691127607
../no_restraint_new_protocol//min_NoH_2_2_7_2_mut_E102HS103TE104SS105TK106LV107L_round_2_0018.rst7,-49.65665112,0.607113852867
../no_restraint_new_protocol//min_NoH_2_2_8_2_mut_E102HS103TE104SS105TK106LV107L_round_2_0001.rst7,-49.4636276,0.593781871344
../no_restraint_new_protocol//min_NoH_2_2_8_2_mut_E102HS103TE104SS105TK106LV107L_round_2_0019.rst7,-48.9235656,0.644129964919
../no_restraint_new_protocol//min_NoH_5_1_1_5_mut_E102HS103TE104SS105TK106LV107L_round_1_0002.rst7,-49.30537728,0.601457809155
../no_restraint_new_protocol//min_NoH_5_1_1_5_mut_E102HS103TE104SS105TK106LV107L_round_1_0014.rst7,-49.48722408,0.610024151974
../no_restraint_new_protocol//min_NoH_5_1_2_5_mut_E102HS103TE104SS105TK106LV107L_round_1_0023.rst7,-48.4822608,0.618287703626
../no_restraint_new_protocol//min_NoH_5_1_3_5_mut_E102HS103TE104SS105TK106LV107L_round_1_0011.rst7,-49.29391496,0.597918203642
../no_restraint_new_protocol//min_NoH_5_1_3_5_mut_E102HS103TE104SS105TK106LV107L_round_1_0015.rst7,-49.2228012,0.602054011227
../no_restraint_new_protocol//min_NoH_5_1_4_5_mut_E102HS103TE104SS105TK106LV107L_round_1_0016.rst7,-49.54632032,0.602163829227
../no_restraint_new_protocol//min_NoH_5_1_4_5_mut_E102HS103TE104SS105TK106LV107L_round_1_0018.rst7,-49.0268012,0.616423098911
../no_restraint_new_protocol//min_NoH_5_1_4_5_mut_E102HS103TE104SS105TK106LV107L_round_1_0020.rst7,-49.61926672,0.597006782358
../no_restraint_new_protocol//min_NoH_5_1_5_5_mut_E102HS103TE104SS105TK106LV107L_round_1_0005.rst7,-49.0702864,0.611403483416
../no_restraint_new_protocol//min_NoH_5_1_5_5_mut_E102HS103TE104SS105TK106LV107L_round_1_0009.rst7,-49.62137808,0.633597301789
../no_restraint_new_protocol//min_NoH_5_1_5_5_mut_E102HS103TE104SS105TK106LV107L_round_1_0010.rst7,-48.77654848,0.619755079109
../no_restraint_new_protocol//min_NoH_5_1_6_5_mut_E102HS103TE104SS105TK106LV107L_round_1_0012.rst7,-49.14460408,0.597718702057
../no_restraint_new_protocol//min_NoH_5_1_6_5_mut_E102HS103TE104SS105TK106LV107L_round_1_0019.rst7,-49.293632,0.609076471593
../no_restraint_new_protocol//min_NoH_5_1_6_5_mut_E102HS103TE104SS105TK106LV107L_round_1_0022.rst7,-49.17370648,0.625493565475
../no_restraint_new_protocol//min_NoH_5_1_7_5_mut_E102HS103TE104SS105TK106LV107L_round_1_0010.rst7,-49.31704952,0.611668251877
../no_restraint_new_protocol//min_NoH_5_1_8_5_mut_E102HS103TE104SS105TK106LV107L_round_1_0008.rst7,-46.90120152,0.609937610092
../no_restraint_new_protocol//min_NoH_5_1_8_5_mut_E102HS103TE104SS105TK106LV107L_round_1_0012.rst7,-48.89845144,0.604435778828
../no_restraint_new_protocol//min_NoH_5_1_8_5_mut_E102HS103TE104SS105TK106LV107L_round_1_0017.rst7,-48.94038376,0.62176275585
../no_restraint_new_protocol//min_NoH_5_1_8_5_mut_E102HS103TE104SS105TK106LV107L_round_1_0019.rst7,-49.02391992,0.633522707305
../no_restraint_new_protocol//min_NoH_5_1_8_5_mut_E102HS103TE104SS105TK106LV107L_round_1_0023.rst7,-49.38834424,0.5908305818
../no_restraint_new_protocol//min_NoH_6_5_1_6_mut_E102HS103TE104SS105TK106LV107L_round_5_0001.rst7,-49.2120588,0.607678139802
../no_restraint_new_protocol//min_NoH_6_5_1_6_mut_E102HS103TE104SS105TK106LV107L_round_5_0013.rst7,-48.8839344,0.620349297488
../no_restraint_new_protocol//min_NoH_6_5_2_6_mut_E102HS103TE104SS105TK106LV107L_round_5_0010.rst7,-49.06165616,0.613675847417
../no_restraint_new_protocol//min_NoH_6_5_3_6_mut_E102HS103TE104SS105TK106LV107L_round_5_0022.rst7,-49.02614072,0.643384924681
../no_restraint_new_protocol//min_NoH_6_5_4_6_mut_E102HS103TE104SS105TK106LV107L_round_5_0004.rst7,-48.99325712,0.621291889011
../no_restraint_new_protocol//min_NoH_6_5_4_6_mut_E102HS103TE104SS105TK106LV107L_round_5_0012.rst7,-48.812898,0.609577982429
../no_restraint_new_protocol//min_NoH_6_5_4_6_mut_E102HS103TE104SS105TK106LV107L_round_5_0020.rst7,-49.63349568,0.635315599583
../no_restraint_new_protocol//min_NoH_6_5_5_6_mut_E102HS103TE104SS105TK106LV107L_round_5_0001.rst7,-49.29369576,0.622154739823
../no_restraint_new_protocol//min_NoH_6_5_5_6_mut_E102HS103TE104SS105TK106LV107L_round_5_0021.rst7,-49.06738256,0.612193971673
../no_restraint_new_protocol//min_NoH_6_5_6_6_mut_E102HS103TE104SS105TK106LV107L_round_5_0022.rst7,-49.36248256,0.628026590828
../no_restraint_new_protocol//min_NoH_6_5_7_6_mut_E102HS103TE104SS105TK106LV107L_round_5_0001.rst7,-49.98380744,0.608137331844
../no_restraint_new_protocol//min_NoH_6_5_7_6_mut_E102HS103TE104SS105TK106LV107L_round_5_0008.rst7,-49.00090992,0.627050566363
../no_restraint_new_protocol//min_NoH_6_5_8_6_mut_E102HS103TE104SS105TK106LV107L_round_5_0013.rst7,-49.40566712,0.620323867154