../no_restraint_new_protocol//min_NoH_5_2_1_5_mut_E102TS103NE104DK106PV107L_round_2_0007.rst7,-56.8770812
../no_restraint_new_protocol//min_NoH_5_2_2_5_mut_E102TS103NE104DK106PV107L_round_2_0007.rst7,-52.58596256
../no_restraint_new_protocol//min_NoH_5_2_3_5_mut_E102TS103NE104DK106PV107L_round_2_0005.rst7,-56.8197364
../no_restraint_new_protocol//min_NoH_5_2_3_5_mut_E102TS103NE104DK106PV107L_round_2_0023.rst7,-56.88143
../no_restraint_new_protocol//min_NoH_5_2_4_5_mut_E102TS103NE104DK106PV107L_round_2_0001.rst7,-59.80159936
../no_restraint_new_protocol//min_NoH_5_2_5_5_mut_E102TS103NE104DK106PV107L_round_2_0014.rst7,-56.80350208
../no_restraint_new_protocol//min_NoH_5_2_6_5_mut_E102TS103NE104DK106PV107L_round_2_0023.rst7,-51.9461608
../no_restraint_new_protocol//min_NoH_5_2_6_5_mut_E102TS103NE104DK106PV107L_round_2_0025.rst7,-56.7456004
../no_restraint_new_protocol//min_NoH_5_2_7_5_mut_E102TS103NE104DK106PV107L_round_2_0008.rst7,-52.57438408
../no_restraint_new_protocol//min_NoH_5_2_7_5_mut_E102TS103NE104DK106PV107L_round_2_0010.rst7,-52.22817936
../no_restraint_new_protocol//min_NoH_5_2_7_5_mut_E102TS103NE104DK106PV107L_round_2_0019.rst7,-65.09350032
../no_restraint_new_protocol//min_NoH_5_2_7_5_mut_E102TS103NE104DK106PV107L_round_2_0021.rst7,-59.92256264
../no_restraint_new_protocol//min_NoH_5_2_8_5_mut_E102TS103NE104DK106PV107L_round_2_0010.rst7,-51.81055888
../no_restraint_new_protocol//min_NoH_5_2_8_5_mut_E102TS103NE104DK106PV107L_round_2_0015.rst7,-56.65325376
../no_restraint_new_protocol//min_NoH_5_2_8_5_mut_E102TS103NE104DK106PV107L_round_2_0017.rst7,-52.56677616
../no_restraint_new_protocol//min_NoH_5_2_8_5_mut_E102TS103NE104DK106PV107L_round_2_0024.rst7,-56.86051608
../no_restraint_new_protocol//min_NoH_6_2_1_6_mut_E102TS103NE104DK106PV107L_round_2_0010.rst7,-52.07812536
../no_restraint_new_protocol//min_NoH_6_2_2_6_mut_E102TS103NE104DK106PV107L_round_2_0005.rst7,-56.87151064
../no_restraint_new_protocol//min_NoH_6_2_2_6_mut_E102TS103NE104DK106PV107L_round_2_0013.rst7,-56.40976616
../no_restraint_new_protocol//min_NoH_6_2_2_6_mut_E102TS103NE104DK106PV107L_round_2_0014.rst7,-52.05434064
../no_restraint_new_protocol//min_NoH_6_2_2_6_mut_E102TS103NE104DK106PV107L_round_2_0017.rst7,-56.34942768
../no_restraint_new_protocol//min_NoH_6_2_3_6_mut_E102TS103NE104DK106PV107L_round_2_0002.rst7,-56.50467904
../no_restraint_new_protocol//min_NoH_6_2_3_6_mut_E102TS103NE104DK106PV107L_round_2_0020.rst7,-56.90841952
../no_restraint_new_protocol//min_NoH_6_2_4_6_mut_E102TS103NE104DK106PV107L_round_2_0008.rst7,-56.8794408
../no_restraint_new_protocol//min_NoH_6_2_4_6_mut_E102TS103NE104DK106PV107L_round_2_0015.rst7,-52.53530072
../no_restraint_new_protocol//min_NoH_6_2_5_6_mut_E102TS103NE104DK106PV107L_round_2_0001.rst7,-52.51860896
../no_restraint_new_protocol//min_NoH_6_2_5_6_mut_E102TS103NE104DK106PV107L_round_2_0007.rst7,-56.92659032
../no_restraint_new_protocol//min_NoH_6_2_5_6_mut_E102TS103NE104DK106PV107L_round_2_0008.rst7,-56.72589528
../no_restraint_new_protocol//min_NoH_6_2_5_6_mut_E102TS103NE104DK106PV107L_round_2_0015.rst7,-56.88507976
../no_restraint_new_protocol//min_NoH_6_2_5_6_mut_E102TS103NE104DK106PV107L_round_2_0023.rst7,-52.46407904
../no_restraint_new_protocol//min_NoH_6_2_6_6_mut_E102TS103NE104DK106PV107L_round_2_0023.rst7,-56.81051928
../no_restraint_new_protocol//min_NoH_6_2_7_6_mut_E102TS103NE104DK106PV107L_round_2_0005.rst7,-56.60229648
../no_restraint_new_protocol//min_NoH_6_2_7_6_mut_E102TS103NE104DK106PV107L_round_2_0007.rst7,-51.69940408
../no_restraint_new_protocol//min_NoH_6_2_7_6_mut_E102TS103NE104DK106PV107L_round_2_0018.rst7,-56.4677112
../no_restraint_new_protocol//min_NoH_6_2_8_6_mut_E102TS103NE104DK106PV107L_round_2_0015.rst7,-56.5586224
../no_restraint_new_protocol//min_NoH_6_2_8_6_mut_E102TS103NE104DK106PV107L_round_2_0023.rst7,-56.89326456
../no_restraint_new_protocol//min_NoH_6_2_8_6_mut_E102TS103NE104DK106PV107L_round_2_0024.rst7,-52.18411168
../no_restraint_new_protocol//min_NoH_6_2_8_6_mut_E102TS103NE104DK106PV107L_round_2_0025.rst7,-52.55180792
../no_restraint_new_protocol//min_NoH_7_4_1_7_mut_E102TS103NE104DK106PV107L_round_4_0021.rst7,-52.33273048
../no_restraint_new_protocol//min_NoH_7_4_2_7_mut_E102TS103NE104DK106PV107L_round_4_0011.rst7,-52.48975592
../no_restraint_new_protocol//min_NoH_7_4_2_7_mut_E102TS103NE104DK106PV107L_round_4_0021.rst7,-56.87337448
../no_restraint_new_protocol//min_NoH_7_4_3_7_mut_E102TS103NE104DK106PV107L_round_4_0006.rst7,-56.4572248
../no_restraint_new_protocol//min_NoH_7_4_3_7_mut_E102TS103NE104DK106PV107L_round_4_0022.rst7,-52.44581696
../no_restraint_new_protocol//min_NoH_7_4_4_7_mut_E102TS103NE104DK106PV107L_round_4_0015.rst7,-56.45854712
../no_restraint_new_protocol//min_NoH_7_4_5_7_mut_E102TS103NE104DK106PV107L_round_4_0021.rst7,-56.7936532
../no_restraint_new_protocol//min_NoH_7_4_6_7_mut_E102TS103NE104DK106PV107L_round_4_0011.rst7,-56.89437792
../no_restraint_new_protocol//min_NoH_7_4_7_7_mut_E102TS103NE104DK106PV107L_round_4_0013.rst7,-56.50207784
../no_restraint_new_protocol//min_NoH_7_4_7_7_mut_E102TS103NE104DK106PV107L_round_4_0014.rst7,-45.96946208
../no_restraint_new_protocol//min_NoH_7_4_7_7_mut_E102TS103NE104DK106PV107L_round_4_0015.rst7,-56.42589888
../no_restraint_new_protocol//min_NoH_7_4_8_7_mut_E102TS103NE104DK106PV107L_round_4_0013.rst7,-56.48733216