../no_restraint_new_protocol//min_NoH_10_3_1_10_mut_S103KE104VK106C_round_3_0012.rst7,-54.46392072
../no_restraint_new_protocol//min_NoH_10_3_1_10_mut_S103KE104VK106C_round_3_0017.rst7,-55.49221944
../no_restraint_new_protocol//min_NoH_10_3_1_10_mut_S103KE104VK106C_round_3_0021.rst7,-58.49498632
../no_restraint_new_protocol//min_NoH_10_3_2_10_mut_S103KE104VK106C_round_3_0006.rst7,-59.09146664
../no_restraint_new_protocol//min_NoH_10_3_2_10_mut_S103KE104VK106C_round_3_0021.rst7,-55.55549576
../no_restraint_new_protocol//min_NoH_10_3_4_10_mut_S103KE104VK106C_round_3_0015.rst7,-55.25098704
../no_restraint_new_protocol//min_NoH_10_3_5_10_mut_S103KE104VK106C_round_3_0001.rst7,-55.63910288
../no_restraint_new_protocol//min_NoH_10_3_5_10_mut_S103KE104VK106C_round_3_0005.rst7,-55.65808744
../no_restraint_new_protocol//min_NoH_10_3_6_10_mut_S103KE104VK106C_round_3_0003.rst7,-55.25006104
../no_restraint_new_protocol//min_NoH_10_3_6_10_mut_S103KE104VK106C_round_3_0005.rst7,-53.09651904
../no_restraint_new_protocol//min_NoH_10_3_7_10_mut_S103KE104VK106C_round_3_0002.rst7,-55.71949608
../no_restraint_new_protocol//min_NoH_10_3_7_10_mut_S103KE104VK106C_round_3_0012.rst7,-55.61827024
../no_restraint_new_protocol//min_NoH_10_3_7_10_mut_S103KE104VK106C_round_3_0014.rst7,-58.01763664
../no_restraint_new_protocol//min_NoH_10_3_7_10_mut_S103KE104VK106C_round_3_0016.rst7,-55.66312192
../no_restraint_new_protocol//min_NoH_10_3_8_10_mut_S103KE104VK106C_round_3_0005.rst7,-55.27838536
../no_restraint_new_protocol//min_NoH_10_3_8_10_mut_S103KE104VK106C_round_3_0012.rst7,-50.45741792
../no_restraint_new_protocol//min_NoH_10_3_8_10_mut_S103KE104VK106C_round_3_0020.rst7,-55.38609304
../no_restraint_new_protocol//min_NoH_1_3_1_1_mut_S103KE104VK106C_round_3_0017.rst7,-55.12640656
../no_restraint_new_protocol//min_NoH_1_3_1_1_mut_S103KE104VK106C_round_3_0023.rst7,-54.54969264
../no_restraint_new_protocol//min_NoH_1_3_2_1_mut_S103KE104VK106C_round_3_0024.rst7,-50.945764
../no_restraint_new_protocol//min_NoH_1_3_3_1_mut_S103KE104VK106C_round_3_0007.rst7,-57.057496
../no_restraint_new_protocol//min_NoH_1_3_4_1_mut_S103KE104VK106C_round_3_0020.rst7,-48.573358
../no_restraint_new_protocol//min_NoH_1_3_6_1_mut_S103KE104VK106C_round_3_0011.rst7,-52.5616704
../no_restraint_new_protocol//min_NoH_1_3_7_1_mut_S103KE104VK106C_round_3_0005.rst7,-55.497836
../no_restraint_new_protocol//min_NoH_1_3_7_1_mut_S103KE104VK106C_round_3_0012.rst7,-51.23635384
../no_restraint_new_protocol//min_NoH_1_3_8_1_mut_S103KE104VK106C_round_3_0010.rst7,-48.6751508
../no_restraint_new_protocol//min_NoH_1_3_8_1_mut_S103KE104VK106C_round_3_0021.rst7,-56.68201304
../no_restraint_new_protocol//min_NoH_1_3_8_1_mut_S103KE104VK106C_round_3_0022.rst7,-51.52023592
../no_restraint_new_protocol//min_NoH_4_5_1_4_mut_S103KE104VK106C_round_5_0004.rst7,-59.02901424
../no_restraint_new_protocol//min_NoH_4_5_1_4_mut_S103KE104VK106C_round_5_0015.rst7,-55.31957784
../no_restraint_new_protocol//min_NoH_4_5_1_4_mut_S103KE104VK106C_round_5_0022.rst7,-51.47575608
../no_restraint_new_protocol//min_NoH_4_5_2_4_mut_S103KE104VK106C_round_5_0004.rst7,-55.54323704
../no_restraint_new_protocol//min_NoH_4_5_2_4_mut_S103KE104VK106C_round_5_0018.rst7,-53.1412208
../no_restraint_new_protocol//min_NoH_4_5_3_4_mut_S103KE104VK106C_round_5_0002.rst7,-55.69156344
../no_restraint_new_protocol//min_NoH_4_5_3_4_mut_S103KE104VK106C_round_5_0003.rst7,-55.4382036
../no_restraint_new_protocol//min_NoH_4_5_3_4_mut_S103KE104VK106C_round_5_0024.rst7,-55.40060472
../no_restraint_new_protocol//min_NoH_4_5_4_4_mut_S103KE104VK106C_round_5_0008.rst7,-51.43508688
../no_restraint_new_protocol//min_NoH_4_5_4_4_mut_S103KE104VK106C_round_5_0015.rst7,-54.78157976
../no_restraint_new_protocol//min_NoH_4_5_4_4_mut_S103KE104VK106C_round_5_0018.rst7,-55.70040776
../no_restraint_new_protocol//min_NoH_4_5_5_4_mut_S103KE104VK106C_round_5_0011.rst7,-53.03868992
../no_restraint_new_protocol//min_NoH_4_5_6_4_mut_S103KE104VK106C_round_5_0002.rst7,-55.3213756
../no_restraint_new_protocol//min_NoH_4_5_6_4_mut_S103KE104VK106C_round_5_0004.rst7,-55.33596056
../no_restraint_new_protocol//min_NoH_4_5_6_4_mut_S103KE104VK106C_round_5_0013.rst7,-59.01844168
../no_restraint_new_protocol//min_NoH_4_5_6_4_mut_S103KE104VK106C_round_5_0016.rst7,-55.96199376
../no_restraint_new_protocol//min_NoH_4_5_6_4_mut_S103KE104VK106C_round_5_0020.rst7,-55.62657888
../no_restraint_new_protocol//min_NoH_4_5_7_4_mut_S103KE104VK106C_round_5_0001.rst7,-55.68795856
../no_restraint_new_protocol//min_NoH_4_5_7_4_mut_S103KE104VK106C_round_5_0003.rst7,-59.51253112
../no_restraint_new_protocol//min_NoH_4_5_7_4_mut_S103KE104VK106C_round_5_0015.rst7,-55.28354776
../no_restraint_new_protocol//min_NoH_4_5_8_4_mut_S103KE104VK106C_round_5_0007.rst7,-52.0282128
../no_restraint_new_protocol//min_NoH_4_5_8_4_mut_S103KE104VK106C_round_5_0021.rst7,-55.6648544