../no_restraint_new_protocol//min_NoH_10_3_1_10_mut_E102TS103NE104DK106LV107L_round_3_0007.rst7,-50.78198552
../no_restraint_new_protocol//min_NoH_10_3_3_10_mut_E102TS103NE104DK106LV107L_round_3_0009.rst7,-53.78312504
../no_restraint_new_protocol//min_NoH_10_3_3_10_mut_E102TS103NE104DK106LV107L_round_3_0023.rst7,-54.39272976
../no_restraint_new_protocol//min_NoH_10_3_4_10_mut_E102TS103NE104DK106LV107L_round_3_0009.rst7,-54.00548032
../no_restraint_new_protocol//min_NoH_10_3_5_10_mut_E102TS103NE104DK106LV107L_round_3_0007.rst7,-51.2427544
../no_restraint_new_protocol//min_NoH_10_3_5_10_mut_E102TS103NE104DK106LV107L_round_3_0010.rst7,-51.41097496
../no_restraint_new_protocol//min_NoH_10_3_5_10_mut_E102TS103NE104DK106LV107L_round_3_0021.rst7,-50.8077368
../no_restraint_new_protocol//min_NoH_10_3_5_10_mut_E102TS103NE104DK106LV107L_round_3_0024.rst7,-51.09573064
../no_restraint_new_protocol//min_NoH_10_3_6_10_mut_E102TS103NE104DK106LV107L_round_3_0014.rst7,-50.14910056
../no_restraint_new_protocol//min_NoH_10_3_7_10_mut_E102TS103NE104DK106LV107L_round_3_0022.rst7,-53.94189176
../no_restraint_new_protocol//min_NoH_10_3_8_10_mut_E102TS103NE104DK106LV107L_round_3_0013.rst7,-54.11403056
../no_restraint_new_protocol//min_NoH_10_3_8_10_mut_E102TS103NE104DK106LV107L_round_3_0014.rst7,-51.22196048
../no_restraint_new_protocol//min_NoH_10_3_8_10_mut_E102TS103NE104DK106LV107L_round_3_0022.rst7,-54.01305472
../no_restraint_new_protocol//min_NoH_1_5_1_1_mut_E102TS103NE104DK106LV107L_round_5_0016.rst7,-51.262978
../no_restraint_new_protocol//min_NoH_1_5_2_1_mut_E102TS103NE104DK106LV107L_round_5_0006.rst7,-54.00127352
../no_restraint_new_protocol//min_NoH_1_5_2_1_mut_E102TS103NE104DK106LV107L_round_5_0011.rst7,-51.44370144
../no_restraint_new_protocol//min_NoH_1_5_2_1_mut_E102TS103NE104DK106LV107L_round_5_0013.rst7,-54.047454
../no_restraint_new_protocol//min_NoH_1_5_2_1_mut_E102TS103NE104DK106LV107L_round_5_0016.rst7,-51.0480032
../no_restraint_new_protocol//min_NoH_1_5_2_1_mut_E102TS103NE104DK106LV107L_round_5_0017.rst7,-53.987804
../no_restraint_new_protocol//min_NoH_1_5_2_1_mut_E102TS103NE104DK106LV107L_round_5_0021.rst7,-51.53157328
../no_restraint_new_protocol//min_NoH_1_5_3_1_mut_E102TS103NE104DK106LV107L_round_5_0006.rst7,-53.96048352
../no_restraint_new_protocol//min_NoH_1_5_4_1_mut_E102TS103NE104DK106LV107L_round_5_0001.rst7,-51.55096416
../no_restraint_new_protocol//min_NoH_1_5_4_1_mut_E102TS103NE104DK106LV107L_round_5_0007.rst7,-51.043056
../no_restraint_new_protocol//min_NoH_1_5_4_1_mut_E102TS103NE104DK106LV107L_round_5_0010.rst7,-51.2397344
../no_restraint_new_protocol//min_NoH_1_5_4_1_mut_E102TS103NE104DK106LV107L_round_5_0022.rst7,-50.21447872
../no_restraint_new_protocol//min_NoH_1_5_7_1_mut_E102TS103NE104DK106LV107L_round_5_0001.rst7,-51.38902272
../no_restraint_new_protocol//min_NoH_1_5_7_1_mut_E102TS103NE104DK106LV107L_round_5_0013.rst7,-51.46574248
../no_restraint_new_protocol//min_NoH_1_5_8_1_mut_E102TS103NE104DK106LV107L_round_5_0012.rst7,-51.17144104
../no_restraint_new_protocol//min_NoH_1_5_8_1_mut_E102TS103NE104DK106LV107L_round_5_0013.rst7,-54.057414
../no_restraint_new_protocol//min_NoH_6_1_2_6_mut_E102TS103NE104DK106LV107L_round_1_0010.rst7,-54.04506664
../no_restraint_new_protocol//min_NoH_6_1_3_6_mut_E102TS103NE104DK106LV107L_round_1_0005.rst7,-53.97738728
../no_restraint_new_protocol//min_NoH_6_1_3_6_mut_E102TS103NE104DK106LV107L_round_1_0009.rst7,-47.71883536
../no_restraint_new_protocol//min_NoH_6_1_3_6_mut_E102TS103NE104DK106LV107L_round_1_0010.rst7,-53.9018676
../no_restraint_new_protocol//min_NoH_6_1_3_6_mut_E102TS103NE104DK106LV107L_round_1_0017.rst7,-53.95188928
../no_restraint_new_protocol//min_NoH_6_1_3_6_mut_E102TS103NE104DK106LV107L_round_1_0020.rst7,-53.7621708
../no_restraint_new_protocol//min_NoH_6_1_3_6_mut_E102TS103NE104DK106LV107L_round_1_0023.rst7,-51.34611224
../no_restraint_new_protocol//min_NoH_6_1_4_6_mut_E102TS103NE104DK106LV107L_round_1_0008.rst7,-54.02321
../no_restraint_new_protocol//min_NoH_6_1_4_6_mut_E102TS103NE104DK106LV107L_round_1_0009.rst7,-54.0067172
../no_restraint_new_protocol//min_NoH_6_1_4_6_mut_E102TS103NE104DK106LV107L_round_1_0020.rst7,-51.11987968
../no_restraint_new_protocol//min_NoH_6_1_4_6_mut_E102TS103NE104DK106LV107L_round_1_0024.rst7,-50.37207744
../no_restraint_new_protocol//min_NoH_6_1_5_6_mut_E102TS103NE104DK106LV107L_round_1_0021.rst7,-53.97273088
../no_restraint_new_protocol//min_NoH_6_1_7_6_mut_E102TS103NE104DK106LV107L_round_1_0003.rst7,-51.2187528
../no_restraint_new_protocol//min_NoH_6_1_7_6_mut_E102TS103NE104DK106LV107L_round_1_0008.rst7,-53.98625288
../no_restraint_new_protocol//min_NoH_6_1_7_6_mut_E102TS103NE104DK106LV107L_round_1_0011.rst7,-50.91752096
../no_restraint_new_protocol//min_NoH_6_1_7_6_mut_E102TS103NE104DK106LV107L_round_1_0014.rst7,-51.15894304
../no_restraint_new_protocol//min_NoH_6_1_7_6_mut_E102TS103NE104DK106LV107L_round_1_0015.rst7,-54.0460504
../no_restraint_new_protocol//min_NoH_6_1_8_6_mut_E102TS103NE104DK106LV107L_round_1_0002.rst7,-50.016522
../no_restraint_new_protocol//min_NoH_6_1_8_6_mut_E102TS103NE104DK106LV107L_round_1_0009.rst7,-50.36307496
../no_restraint_new_protocol//min_NoH_6_1_8_6_mut_E102TS103NE104DK106LV107L_round_1_0011.rst7,-50.96265128
../no_restraint_new_protocol//min_NoH_6_1_8_6_mut_E102TS103NE104DK106LV107L_round_1_0025.rst7,-54.04268376