../no_restraint_new_protocol//min_NoH_10_5_1_10_mut_E102NS103KE104VS105TK106DV107L_round_5_0010.rst7,-47.30320928
../no_restraint_new_protocol//min_NoH_10_5_1_10_mut_E102NS103KE104VS105TK106DV107L_round_5_0021.rst7,-47.79920424
../no_restraint_new_protocol//min_NoH_10_5_2_10_mut_E102NS103KE104VS105TK106DV107L_round_5_0002.rst7,-48.00587728
../no_restraint_new_protocol//min_NoH_10_5_2_10_mut_E102NS103KE104VS105TK106DV107L_round_5_0004.rst7,-47.981276
../no_restraint_new_protocol//min_NoH_10_5_2_10_mut_E102NS103KE104VS105TK106DV107L_round_5_0007.rst7,-46.29723792
../no_restraint_new_protocol//min_NoH_10_5_2_10_mut_E102NS103KE104VS105TK106DV107L_round_5_0012.rst7,-46.2178568
../no_restraint_new_protocol//min_NoH_10_5_2_10_mut_E102NS103KE104VS105TK106DV107L_round_5_0016.rst7,-47.96318264
../no_restraint_new_protocol//min_NoH_10_5_3_10_mut_E102NS103KE104VS105TK106DV107L_round_5_0008.rst7,-46.41596056
../no_restraint_new_protocol//min_NoH_10_5_3_10_mut_E102NS103KE104VS105TK106DV107L_round_5_0021.rst7,-46.16396664
../no_restraint_new_protocol//min_NoH_10_5_3_10_mut_E102NS103KE104VS105TK106DV107L_round_5_0025.rst7,-46.17427824
../no_restraint_new_protocol//min_NoH_10_5_4_10_mut_E102NS103KE104VS105TK106DV107L_round_5_0004.rst7,-46.34231016
../no_restraint_new_protocol//min_NoH_10_5_4_10_mut_E102NS103KE104VS105TK106DV107L_round_5_0019.rst7,-48.02196792
../no_restraint_new_protocol//min_NoH_10_5_5_10_mut_E102NS103KE104VS105TK106DV107L_round_5_0007.rst7,-46.16143544
../no_restraint_new_protocol//min_NoH_10_5_5_10_mut_E102NS103KE104VS105TK106DV107L_round_5_0020.rst7,-47.9233908
../no_restraint_new_protocol//min_NoH_10_5_5_10_mut_E102NS103KE104VS105TK106DV107L_round_5_0022.rst7,-46.1366336
../no_restraint_new_protocol//min_NoH_10_5_5_10_mut_E102NS103KE104VS105TK106DV107L_round_5_0024.rst7,-46.27076664
../no_restraint_new_protocol//min_NoH_10_5_6_10_mut_E102NS103KE104VS105TK106DV107L_round_5_0002.rst7,-46.30694488
../no_restraint_new_protocol//min_NoH_10_5_6_10_mut_E102NS103KE104VS105TK106DV107L_round_5_0010.rst7,-47.00907144
../no_restraint_new_protocol//min_NoH_10_5_6_10_mut_E102NS103KE104VS105TK106DV107L_round_5_0025.rst7,-46.24632808
../no_restraint_new_protocol//min_NoH_1_2_1_1_mut_E102NS103KE104VS105TK106DV107L_round_2_0007.rst7,-47.99669624
../no_restraint_new_protocol//min_NoH_1_2_3_1_mut_E102NS103KE104VS105TK106DV107L_round_2_0007.rst7,-46.19151624
../no_restraint_new_protocol//min_NoH_1_2_3_1_mut_E102NS103KE104VS105TK106DV107L_round_2_0015.rst7,-47.34458912
../no_restraint_new_protocol//min_NoH_1_2_4_1_mut_E102NS103KE104VS105TK106DV107L_round_2_0001.rst7,-47.95474728
../no_restraint_new_protocol//min_NoH_1_2_4_1_mut_E102NS103KE104VS105TK106DV107L_round_2_0012.rst7,-47.94565568
../no_restraint_new_protocol//min_NoH_1_2_4_1_mut_E102NS103KE104VS105TK106DV107L_round_2_0016.rst7,-46.36030456
../no_restraint_new_protocol//min_NoH_1_2_5_1_mut_E102NS103KE104VS105TK106DV107L_round_2_0002.rst7,-48.02033992
../no_restraint_new_protocol//min_NoH_1_2_5_1_mut_E102NS103KE104VS105TK106DV107L_round_2_0018.rst7,-47.84856056
../no_restraint_new_protocol//min_NoH_1_2_5_1_mut_E102NS103KE104VS105TK106DV107L_round_2_0023.rst7,-46.20602408
../no_restraint_new_protocol//min_NoH_1_2_5_1_mut_E102NS103KE104VS105TK106DV107L_round_2_0025.rst7,-46.11671696
../no_restraint_new_protocol//min_NoH_1_2_6_1_mut_E102NS103KE104VS105TK106DV107L_round_2_0007.rst7,-47.99191544
../no_restraint_new_protocol//min_NoH_1_2_6_1_mut_E102NS103KE104VS105TK106DV107L_round_2_0021.rst7,-46.27900952
../no_restraint_new_protocol//min_NoH_1_2_7_1_mut_E102NS103KE104VS105TK106DV107L_round_2_0008.rst7,-47.92984656
../no_restraint_new_protocol//min_NoH_1_2_7_1_mut_E102NS103KE104VS105TK106DV107L_round_2_0015.rst7,-48.10018032
../no_restraint_new_protocol//min_NoH_1_2_7_1_mut_E102NS103KE104VS105TK106DV107L_round_2_0016.rst7,-46.21747208
../no_restraint_new_protocol//min_NoH_1_2_7_1_mut_E102NS103KE104VS105TK106DV107L_round_2_0020.rst7,-46.4319608
../no_restraint_new_protocol//min_NoH_1_2_8_1_mut_E102NS103KE104VS105TK106DV107L_round_2_0004.rst7,-46.22664976
../no_restraint_new_protocol//min_NoH_1_2_8_1_mut_E102NS103KE104VS105TK106DV107L_round_2_0016.rst7,-48.03409136
../no_restraint_new_protocol//min_NoH_1_2_8_1_mut_E102NS103KE104VS105TK106DV107L_round_2_0018.rst7,-47.96384488
../no_restraint_new_protocol//min_NoH_1_2_8_1_mut_E102NS103KE104VS105TK106DV107L_round_2_0024.rst7,-47.39488224
../no_restraint_new_protocol//min_NoH_4_4_1_4_mut_E102NS103KE104VS105TK106DV107L_round_4_0007.rst7,-47.7339232
../no_restraint_new_protocol//min_NoH_4_4_1_4_mut_E102NS103KE104VS105TK106DV107L_round_4_0013.rst7,-47.93998472
../no_restraint_new_protocol//min_NoH_4_4_1_4_mut_E102NS103KE104VS105TK106DV107L_round_4_0022.rst7,-46.12919048
../no_restraint_new_protocol//min_NoH_4_4_3_4_mut_E102NS103KE104VS105TK106DV107L_round_4_0011.rst7,-48.101316
../no_restraint_new_protocol//min_NoH_4_4_4_4_mut_E102NS103KE104VS105TK106DV107L_round_4_0003.rst7,-47.99347648
../no_restraint_new_protocol//min_NoH_4_4_5_4_mut_E102NS103KE104VS105TK106DV107L_round_4_0022.rst7,-48.00747256
../no_restraint_new_protocol//min_NoH_4_4_6_4_mut_E102NS103KE104VS105TK106DV107L_round_4_0012.rst7,-46.17497032
../no_restraint_new_protocol//min_NoH_4_4_7_4_mut_E102NS103KE104VS105TK106DV107L_round_4_0016.rst7,-48.0497908
../no_restraint_new_protocol//min_NoH_4_4_7_4_mut_E102NS103KE104VS105TK106DV107L_round_4_0022.rst7,-46.13785616
../no_restraint_new_protocol//min_NoH_4_4_8_4_mut_E102NS103KE104VS105TK106DV107L_round_4_0021.rst7,-46.23590504
../no_restraint_new_protocol//min_NoH_4_4_8_4_mut_E102NS103KE104VS105TK106DV107L_round_4_0025.rst7,-46.17433864