../no_restraint_new_protocol//min_NoH_3_1_1_3_mut_E102KA103NA104YS105KE106QS107TK108S_round_1_0008.rst7,-65.23782056,0.604252735225
../no_restraint_new_protocol//min_NoH_3_1_2_3_mut_E102KA103NA104YS105KE106QS107TK108S_round_1_0001.rst7,-70.25863568,0.617374908632
../no_restraint_new_protocol//min_NoH_3_1_2_3_mut_E102KA103NA104YS105KE106QS107TK108S_round_1_0019.rst7,-56.49585048,0.595337261895
../no_restraint_new_protocol//min_NoH_3_1_3_3_mut_E102KA103NA104YS105KE106QS107TK108S_round_1_0005.rst7,-65.4511532,0.65029889095
../no_restraint_new_protocol//min_NoH_3_1_3_3_mut_E102KA103NA104YS105KE106QS107TK108S_round_1_0010.rst7,-67.17008424,0.591504842701
../no_restraint_new_protocol//min_NoH_3_1_4_3_mut_E102KA103NA104YS105KE106QS107TK108S_round_1_0003.rst7,-64.90484632,0.614502400812
../no_restraint_new_protocol//min_NoH_3_1_5_3_mut_E102KA103NA104YS105KE106QS107TK108S_round_1_0008.rst7,-65.32777752,0.632264733335
../no_restraint_new_protocol//min_NoH_3_1_5_3_mut_E102KA103NA104YS105KE106QS107TK108S_round_1_0021.rst7,-65.10367312,0.613452532931
../no_restraint_new_protocol//min_NoH_3_1_5_3_mut_E102KA103NA104YS105KE106QS107TK108S_round_1_0025.rst7,-61.92891976,0.595100964606
../no_restraint_new_protocol//min_NoH_3_1_6_3_mut_E102KA103NA104YS105KE106QS107TK108S_round_1_0011.rst7,-65.21079656,0.609054929894
../no_restraint_new_protocol//min_NoH_3_1_6_3_mut_E102KA103NA104YS105KE106QS107TK108S_round_1_0013.rst7,-61.84380848,0.613351278608
../no_restraint_new_protocol//min_NoH_3_1_6_3_mut_E102KA103NA104YS105KE106QS107TK108S_round_1_0017.rst7,-65.20571768,0.643474416847
../no_restraint_new_protocol//min_NoH_3_1_6_3_mut_E102KA103NA104YS105KE106QS107TK108S_round_1_0018.rst7,-61.996722,0.594428144833
../no_restraint_new_protocol//min_NoH_3_1_6_3_mut_E102KA103NA104YS105KE106QS107TK108S_round_1_0022.rst7,-62.28886544,0.573427550356
../no_restraint_new_protocol//min_NoH_3_1_7_3_mut_E102KA103NA104YS105KE106QS107TK108S_round_1_0009.rst7,-65.16632792,0.621615937391
../no_restraint_new_protocol//min_NoH_3_1_7_3_mut_E102KA103NA104YS105KE106QS107TK108S_round_1_0010.rst7,-65.6505688,0.623982884601
../no_restraint_new_protocol//min_NoH_3_1_7_3_mut_E102KA103NA104YS105KE106QS107TK108S_round_1_0012.rst7,-65.24247976,0.606567120531
../no_restraint_new_protocol//min_NoH_3_1_7_3_mut_E102KA103NA104YS105KE106QS107TK108S_round_1_0019.rst7,-65.41495184,0.653532848637
../no_restraint_new_protocol//min_NoH_3_1_8_3_mut_E102KA103NA104YS105KE106QS107TK108S_round_1_0006.rst7,-65.10318136,0.643926973492
../no_restraint_new_protocol//min_NoH_3_1_8_3_mut_E102KA103NA104YS105KE106QS107TK108S_round_1_0017.rst7,-65.12095992,0.604067521202
../no_restraint_new_protocol//min_NoH_3_3_1_3_mut_E102KA103NA104YS105KE106QS107TK108S_round_3_0007.rst7,-61.83315352,0.59401445649
../no_restraint_new_protocol//min_NoH_3_3_1_3_mut_E102KA103NA104YS105KE106QS107TK108S_round_3_0012.rst7,-65.17925512,0.607202625488
../no_restraint_new_protocol//min_NoH_3_3_1_3_mut_E102KA103NA104YS105KE106QS107TK108S_round_3_0014.rst7,-63.89562568,0.62024743546
../no_restraint_new_protocol//min_NoH_3_3_2_3_mut_E102KA103NA104YS105KE106QS107TK108S_round_3_0022.rst7,-61.92335784,0.597474059683
../no_restraint_new_protocol//min_NoH_3_3_3_3_mut_E102KA103NA104YS105KE106QS107TK108S_round_3_0005.rst7,-64.56639208,0.570362102039
../no_restraint_new_protocol//min_NoH_3_3_3_3_mut_E102KA103NA104YS105KE106QS107TK108S_round_3_0013.rst7,-65.18496256,0.607594841961
../no_restraint_new_protocol//min_NoH_3_3_3_3_mut_E102KA103NA104YS105KE106QS107TK108S_round_3_0014.rst7,-67.16991256,0.592880011735
../no_restraint_new_protocol//min_NoH_3_3_3_3_mut_E102KA103NA104YS105KE106QS107TK108S_round_3_0017.rst7,-65.33482712,0.647588739627
../no_restraint_new_protocol//min_NoH_3_3_3_3_mut_E102KA103NA104YS105KE106QS107TK108S_round_3_0022.rst7,-61.9171604,0.589797306177
../no_restraint_new_protocol//min_NoH_3_3_3_3_mut_E102KA103NA104YS105KE106QS107TK108S_round_3_0024.rst7,-61.88506688,0.599409592315
../no_restraint_new_protocol//min_NoH_3_3_4_3_mut_E102KA103NA104YS105KE106QS107TK108S_round_3_0006.rst7,-65.13558608,0.613051558655
../no_restraint_new_protocol//min_NoH_3_3_4_3_mut_E102KA103NA104YS105KE106QS107TK108S_round_3_0008.rst7,-61.82837728,0.598125430629
../no_restraint_new_protocol//min_NoH_3_3_4_3_mut_E102KA103NA104YS105KE106QS107TK108S_round_3_0010.rst7,-57.35173656,0.700365121152
../no_restraint_new_protocol//min_NoH_3_3_4_3_mut_E102KA103NA104YS105KE106QS107TK108S_round_3_0018.rst7,-64.54669656,0.576366703282
../no_restraint_new_protocol//min_NoH_3_3_4_3_mut_E102KA103NA104YS105KE106QS107TK108S_round_3_0020.rst7,-64.85660056,0.561269019733
../no_restraint_new_protocol//min_NoH_3_3_5_3_mut_E102KA103NA104YS105KE106QS107TK108S_round_3_0009.rst7,-61.97643544,0.603528973539
../no_restraint_new_protocol//min_NoH_3_3_6_3_mut_E102KA103NA104YS105KE106QS107TK108S_round_3_0007.rst7,-62.35345912,0.580956116827
../no_restraint_new_protocol//min_NoH_3_3_6_3_mut_E102KA103NA104YS105KE106QS107TK108S_round_3_0024.rst7,-64.58824512,0.574779398433
../no_restraint_new_protocol//min_NoH_3_3_7_3_mut_E102KA103NA104YS105KE106QS107TK108S_round_3_0002.rst7,-65.16092792,0.622575653727
../no_restraint_new_protocol//min_NoH_3_3_7_3_mut_E102KA103NA104YS105KE106QS107TK108S_round_3_0003.rst7,-67.15220168,0.574049636202
../no_restraint_new_protocol//min_NoH_3_3_8_3_mut_E102KA103NA104YS105KE106QS107TK108S_round_3_0002.rst7,-64.57482296,0.593322259621
../no_restraint_new_protocol//min_NoH_3_3_8_3_mut_E102KA103NA104YS105KE106QS107TK108S_round_3_0008.rst7,-64.64532328,0.556154238005
../no_restraint_new_protocol//min_NoH_3_3_8_3_mut_E102KA103NA104YS105KE106QS107TK108S_round_3_0010.rst7,-64.20157968,0.572774543267
../no_restraint_new_protocol//min_NoH_5_5_3_5_mut_E102KA103NA104YS105KE106QS107TK108S_round_5_0012.rst7,-65.40370104,0.598705852765
../no_restraint_new_protocol//min_NoH_5_5_4_5_mut_E102KA103NA104YS105KE106QS107TK108S_round_5_0019.rst7,-67.1037636,0.611472549413
../no_restraint_new_protocol//min_NoH_5_5_6_5_mut_E102KA103NA104YS105KE106QS107TK108S_round_5_0002.rst7,-64.99182216,0.612131934771
../no_restraint_new_protocol//min_NoH_5_5_6_5_mut_E102KA103NA104YS105KE106QS107TK108S_round_5_0018.rst7,-67.25651416,0.582773806092
../no_restraint_new_protocol//min_NoH_5_5_7_5_mut_E102KA103NA104YS105KE106QS107TK108S_round_5_0009.rst7,-65.51544624,0.638627551426
../no_restraint_new_protocol//min_NoH_5_5_8_5_mut_E102KA103NA104YS105KE106QS107TK108S_round_5_0003.rst7,-67.3461488,0.572798894913
../no_restraint_new_protocol//min_NoH_5_5_8_5_mut_E102KA103NA104YS105KE106QS107TK108S_round_5_0013.rst7,-64.70800688,0.573006463124